PCE10,WF3,P3HT,PCBM,oIDTBR,degradation
1.0,0.0,0.0,0.0,0.0,0.189175
0.0,0.0,1.0,0.0,0.0,0.113558
0.0,0.0,0.0,0.0,1.0,0.02218
0.9,0.0,0.1,0.0,0.0,0.176849
0.8,0.0,0.2,0.0,0.0,0.166224
0.7,0.0,0.3,0.0,0.0,0.159511
0.6,0.0,0.4,0.0,0.0,0.161903
0.5,0.0,0.5,0.0,0.0,0.160524
0.4,0.0,0.6,0.0,0.0,0.128765
0.3,0.0,0.7,0.0,0.0,0.096747
0.2,0.0,0.8,0.0,0.0,0.096367
0.1,0.0,0.9,0.0,0.0,0.112567
0.9,0.0,0.0,0.1,0.0,0.109765
0.8,0.0,0.0,0.2,0.0,0.090533
0.7,0.0,0.0,0.3,0.0,0.071424
0.6,0.0,0.0,0.4,0.0,0.067311
0.5,0.0,0.0,0.5,0.0,0.061573
0.4,0.0,0.0,0.6,0.0,0.051915
0.3,0.0,0.0,0.7,0.0,0.045523
0.2,0.0,0.0,0.8,0.0,0.025747
0.1,0.0,0.0,0.9,0.0,0.004447
0.1,0.0,0.0,0.0,0.9,0.051793
0.2,0.0,0.0,0.0,0.8,0.100056
0.3,0.0,0.0,0.0,0.7,0.117489
0.4,0.0,0.0,0.0,0.6,0.131137
0.5,0.0,0.0,0.0,0.5,0.134851
0.6,0.0,0.0,0.0,0.4,0.169244
0.7,0.0,0.0,0.0,0.3,0.166202
0.8,0.0,0.0,0.0,0.2,0.184431
0.9,0.0,0.0,0.0,0.1,0.197478
0.0,0.0,0.9,0.1,0.0,0.068581
0.0,0.0,0.8,0.2,0.0,0.052495
0.0,0.0,0.7,0.3,0.0,0.039316
0.0,0.0,0.6,0.4,0.0,0.027342
0.0,0.0,0.5,0.5,0.0,0.027874
0.0,0.0,0.4,0.6,0.0,0.026506
0.0,0.0,0.3,0.7,0.0,0.022723
0.0,0.0,0.2,0.8,0.0,0.014554
0.0,0.0,0.1,0.9,0.0,0.001623
0.0,0.0,0.9,0.0,0.1,0.147488
0.0,0.0,0.8,0.0,0.2,0.158025
0.0,0.0,0.7,0.0,0.3,0.080466
0.0,0.0,0.6,0.0,0.4,0.070693
0.0,0.0,0.5,0.0,0.5,0.066541
0.0,0.0,0.4,0.0,0.6,0.058847
0.0,0.0,0.3,0.0,0.7,0.056765
0.0,0.0,0.2,0.0,0.8,0.052616
0.0,0.0,0.1,0.0,0.9,0.029431
0.0,0.0,0.0,0.9,0.1,0.086933
0.0,0.0,0.0,0.8,0.2,0.115619
0.0,0.0,0.0,0.7,0.3,0.275215
0.0,0.0,0.0,0.6,0.4,0.326025
0.0,0.0,0.0,0.5,0.5,0.74307
0.0,0.0,0.0,0.4,0.6,0.689383
0.0,0.0,0.0,0.3,0.7,0.633212
0.0,0.0,0.0,0.2,0.8,0.025779
0.0,0.0,0.0,0.1,0.9,0.010534
0.8,0.0,0.1,0.1,0.0,0.115968
0.7,0.0,0.2,0.1,0.0,0.081157
0.6,0.0,0.3,0.1,0.0,0.110779
0.5,0.0,0.4,0.1,0.0,0.12475
0.4,0.0,0.5,0.1,0.0,0.111731
0.3,0.0,0.6,0.1,0.0,0.107741
0.2,0.0,0.7,0.1,0.0,0.108452
0.1,0.0,0.8,0.1,0.0,0.095506
0.7,0.0,0.1,0.2,0.0,0.104825
0.6,0.0,0.2,0.2,0.0,0.092225
0.5,0.0,0.3,0.2,0.0,0.078801
0.4,0.0,0.4,0.2,0.0,0.073222
0.3,0.0,0.5,0.2,0.0,0.070552
0.2,0.0,0.6,0.2,0.0,0.050221
0.1,0.0,0.7,0.2,0.0,0.068427
0.6,0.0,0.1,0.3,0.0,0.066246
0.5,0.0,0.2,0.3,0.0,0.114156
0.4,0.0,0.3,0.3,0.0,0.087871
0.3,0.0,0.4,0.3,0.0,0.072482
0.2,0.0,0.5,0.3,0.0,0.06603
0.1,0.0,0.6,0.3,0.0,0.06465
0.5,0.0,0.1,0.4,0.0,0.066086
0.4,0.0,0.2,0.4,0.0,0.066349
0.3,0.0,0.3,0.4,0.0,0.061946
0.2,0.0,0.4,0.4,0.0,0.058679
0.1,0.0,0.5,0.4,0.0,0.041014
0.4,0.0,0.1,0.5,0.0,0.047697
0.3,0.0,0.2,0.5,0.0,0.059897
0.2,0.0,0.3,0.5,0.0,0.064561
0.1,0.0,0.4,0.5,0.0,0.059913
0.3,0.0,0.1,0.6,0.0,0.046779
0.2,0.0,0.2,0.6,0.0,0.049789
0.1,0.0,0.3,0.6,0.0,0.052247
0.2,0.0,0.1,0.7,0.0,0.035912
0.1,0.0,0.2,0.7,0.0,0.044725
0.1,0.0,0.1,0.8,0.0,0.024836
0.1,0.0,0.1,0.0,0.8,0.057718
0.2,0.0,0.1,0.0,0.7,0.07441
0.3,0.0,0.1,0.0,0.6,0.110688
0.4,0.0,0.1,0.0,0.5,0.1109
0.5,0.0,0.1,0.0,0.4,0.13156
0.6,0.0,0.1,0.0,0.3,0.142569
0.7,0.0,0.1,0.0,0.2,0.158898
0.8,0.0,0.1,0.0,0.1,0.169886
0.1,0.0,0.2,0.0,0.7,0.089056
0.2,0.0,0.2,0.0,0.6,0.106576
0.3,0.0,0.2,0.0,0.5,0.119285
0.4,0.0,0.2,0.0,0.4,0.125183
0.5,0.0,0.2,0.0,0.3,0.151977
0.6,0.0,0.2,0.0,0.2,0.153334
0.7,0.0,0.2,0.0,0.1,0.148158
0.1,0.0,0.3,0.0,0.6,0.098007
0.2,0.0,0.3,0.0,0.5,0.106559
0.3,0.0,0.3,0.0,0.4,0.114039
0.4,0.0,0.3,0.0,0.3,0.122959
0.5,0.0,0.3,0.0,0.2,0.13827
0.6,0.0,0.3,0.0,0.1,0.148781
0.1,0.0,0.4,0.0,0.5,0.093143
0.2,0.0,0.4,0.0,0.4,0.113498
0.3,0.0,0.4,0.0,0.3,0.11483
0.4,0.0,0.4,0.0,0.2,0.109641
0.5,0.0,0.4,0.0,0.1,0.137544
0.1,0.0,0.5,0.0,0.4,0.088527
0.2,0.0,0.5,0.0,0.3,0.10411
0.3,0.0,0.5,0.0,0.2,0.117019
0.4,0.0,0.5,0.0,0.1,0.129672
0.1,0.0,0.6,0.0,0.3,0.081972
0.2,0.0,0.6,0.0,0.2,0.137172
0.3,0.0,0.6,0.0,0.1,0.112126
0.1,0.0,0.7,0.0,0.2,0.078234
0.2,0.0,0.7,0.0,0.1,0.137806
0.1,0.0,0.8,0.0,0.1,0.147943
0.1,0.0,0.0,0.8,0.1,0.218516
0.1,0.0,0.0,0.7,0.2,0.239941
0.1,0.0,0.0,0.6,0.3,0.345865
0.1,0.0,0.0,0.5,0.4,0.456698
0.1,0.0,0.0,0.4,0.5,0.564119
0.1,0.0,0.0,0.3,0.6,0.184851
0.1,0.0,0.0,0.2,0.7,0.060224
0.1,0.0,0.0,0.1,0.8,0.046472
0.2,0.0,0.0,0.7,0.1,0.188072
0.2,0.0,0.0,0.6,0.2,0.243428
0.2,0.0,0.0,0.5,0.3,0.345906
0.2,0.0,0.0,0.4,0.4,0.454378
0.2,0.0,0.0,0.3,0.5,0.563347
0.2,0.0,0.0,0.2,0.6,0.264662
0.2,0.0,0.0,0.1,0.7,0.076597
0.3,0.0,0.0,0.6,0.1,0.230852
0.3,0.0,0.0,0.5,0.2,0.224388
0.3,0.0,0.0,0.4,0.3,0.334962
0.3,0.0,0.0,0.3,0.4,0.346114
0.3,0.0,0.0,0.2,0.5,0.058444
0.3,0.0,0.0,0.1,0.6,0.058279
0.4,0.0,0.0,0.5,0.1,0.279056
0.4,0.0,0.0,0.4,0.2,0.246743
0.4,0.0,0.0,0.3,0.3,0.324943
0.4,0.0,0.0,0.2,0.4,0.112505
0.4,0.0,0.0,0.1,0.5,0.059416
0.5,0.0,0.0,0.4,0.1,0.199084
0.5,0.0,0.0,0.3,0.2,0.244193
0.5,0.0,0.0,0.2,0.3,0.320617
0.5,0.0,0.0,0.1,0.4,0.106389
0.6,0.0,0.0,0.3,0.1,0.112911
0.6,0.0,0.0,0.2,0.2,0.238146
0.6,0.0,0.0,0.1,0.3,0.108
0.7,0.0,0.0,0.2,0.1,0.155763
0.7,0.0,0.0,0.1,0.2,0.07494
0.8,0.0,0.0,0.1,0.1,0.164465
0.0,0.0,0.8,0.1,0.1,0.097979
0.0,0.0,0.7,0.2,0.1,0.089638
0.0,0.0,0.6,0.3,0.1,0.098653
0.0,0.0,0.5,0.4,0.1,0.108912
0.0,0.0,0.4,0.5,0.1,0.117661
0.0,0.0,0.3,0.6,0.1,0.112279
0.0,0.0,0.2,0.7,0.1,0.111459
0.0,0.0,0.1,0.8,0.1,0.121832
0.0,0.0,0.7,0.1,0.2,0.130921
0.0,0.0,0.6,0.2,0.2,0.167859
0.0,0.0,0.5,0.3,0.2,0.129374
0.0,0.0,0.4,0.4,0.2,0.156016
0.0,0.0,0.3,0.5,0.2,0.182124
0.0,0.0,0.2,0.6,0.2,0.203029
0.0,0.0,0.1,0.7,0.2,0.208136
0.0,0.0,0.6,0.1,0.3,0.135743
0.0,0.0,0.5,0.2,0.3,0.176539
0.0,0.0,0.4,0.3,0.3,0.198561
0.0,0.0,0.3,0.4,0.3,0.266462
0.0,0.0,0.2,0.5,0.3,0.328064
0.0,0.0,0.1,0.6,0.3,0.419155
0.0,0.0,0.5,0.1,0.4,0.042051
0.0,0.0,0.4,0.2,0.4,0.239738
0.0,0.0,0.3,0.3,0.4,0.330854
0.0,0.0,0.2,0.4,0.4,0.414936
0.0,0.0,0.1,0.5,0.4,0.454125
0.0,0.0,0.4,0.1,0.5,0.044229
0.0,0.0,0.3,0.2,0.5,0.049045
0.0,0.0,0.2,0.3,0.5,0.366271
0.0,0.0,0.1,0.4,0.5,0.508448
0.0,0.0,0.3,0.1,0.6,0.043748
0.0,0.0,0.2,0.2,0.6,0.038521
0.0,0.0,0.1,0.3,0.6,0.255641
0.0,0.0,0.2,0.1,0.7,0.037966
0.0,0.0,0.1,0.2,0.7,0.036897
0.0,0.0,0.1,0.1,0.8,0.032347
0.06,0.0,0.08,0.84,0.02,0.113214
0.1,0.0,0.04,0.84,0.02,0.098363
0.04,0.0,0.16,0.78,0.02,0.08609
0.02,0.0,0.24,0.72,0.02,0.041699
0.24,0.0,0.04,0.7,0.02,0.098889
0.06,0.0,0.22,0.7,0.02,0.048551
0.18,0.0,0.18,0.62,0.02,0.079286
0.1,0.0,0.26,0.62,0.02,0.068877
0.16,0.0,0.2,0.62,0.02,0.08238
0.08,0.0,0.3,0.6,0.02,0.082942
0.08,0.0,0.3,0.6,0.02,0.06995
0.16,0.0,0.26,0.56,0.02,0.100997
0.06,0.0,0.36,0.56,0.02,0.078941
0.14,0.0,0.3,0.54,0.02,0.089506
0.04,0.0,0.44,0.5,0.02,0.071239
0.46,0.0,0.04,0.48,0.02,0.083173
0.02,0.0,0.5,0.46,0.02,0.069415
0.1,0.0,0.42,0.46,0.02,0.086382
0.44,0.0,0.1,0.44,0.02,0.128762
0.48,0.0,0.08,0.42,0.02,0.257697
0.52,0.0,0.04,0.42,0.02,0.159461
0.3,0.0,0.26,0.42,0.02,0.093508
0.2,0.0,0.38,0.4,0.02,0.062371
0.5,0.0,0.08,0.4,0.02,0.100053
0.42,0.0,0.18,0.38,0.02,0.092509
0.4,0.0,0.2,0.38,0.02,0.090543
0.08,0.0,0.54,0.36,0.02,0.075777
0.6,0.0,0.02,0.36,0.02,0.0838
0.36,0.0,0.3,0.32,0.02,0.093557
0.48,0.0,0.2,0.3,0.02,0.094674
0.5,0.0,0.18,0.3,0.02,0.093682
0.38,0.0,0.3,0.3,0.02,0.086363
0.06,0.0,0.62,0.3,0.02,0.069922
0.52,0.0,0.16,0.3,0.02,0.096426
0.46,0.0,0.26,0.26,0.02,0.12298
0.26,0.0,0.46,0.26,0.02,0.087158
0.54,0.0,0.2,0.24,0.02,0.100869
0.62,0.0,0.14,0.22,0.02,0.10705
0.4,0.0,0.38,0.2,0.02,0.119905
0.58,0.0,0.22,0.18,0.02,0.099929
0.04,0.0,0.76,0.18,0.02,0.086803
0.48,0.0,0.32,0.18,0.02,0.106899
0.26,0.0,0.56,0.16,0.02,0.103737
0.24,0.0,0.58,0.16,0.02,0.098599
0.68,0.0,0.14,0.16,0.02,0.130151
0.1,0.0,0.72,0.16,0.02,0.089989
0.02,0.0,0.82,0.14,0.02,0.096044
0.36,0.0,0.48,0.14,0.02,0.124195
0.74,0.0,0.12,0.12,0.02,0.126992
0.32,0.0,0.54,0.12,0.02,0.121881
0.4,0.0,0.5,0.08,0.02,0.133476
0.78,0.0,0.12,0.08,0.02,0.148891
0.28,0.0,0.62,0.08,0.02,0.142972
0.5,0.0,0.44,0.04,0.02,0.174717
0.76,0.0,0.18,0.04,0.02,0.206802
0.34,0.0,0.62,0.02,0.02,0.167406
0.2,0.0,0.76,0.02,0.02,0.159273
0.06,0.0,0.06,0.84,0.04,0.063185
0.04,0.0,0.08,0.84,0.04,0.086178
0.08,0.0,0.1,0.78,0.04,0.082064
0.06,0.0,0.2,0.7,0.04,0.076414
0.02,0.0,0.24,0.7,0.04,0.057749
0.08,0.0,0.2,0.68,0.04,0.082988
0.32,0.0,0.04,0.6,0.04,0.090763
0.26,0.0,0.14,0.56,0.04,0.093466
0.12,0.0,0.28,0.56,0.04,0.109284
0.2,0.0,0.22,0.54,0.04,0.092917
0.4,0.0,0.06,0.5,0.04,0.102113
0.42,0.0,0.06,0.48,0.04,0.099059
0.4,0.0,0.1,0.46,0.04,0.098377
0.36,0.0,0.14,0.46,0.04,0.110998
0.3,0.0,0.22,0.44,0.04,0.09319
0.48,0.0,0.06,0.42,0.04,0.098412
0.1,0.0,0.44,0.42,0.04,0.083513
0.4,0.0,0.2,0.36,0.04,0.096671
0.32,0.0,0.28,0.36,0.04,0.088195
0.36,0.0,0.24,0.36,0.04,0.095879
0.26,0.0,0.36,0.34,0.04,0.116393
0.56,0.0,0.06,0.34,0.04,0.103218
0.14,0.0,0.48,0.34,0.04,0.085594
0.56,0.0,0.06,0.34,0.04,0.101559
0.62,0.0,0.04,0.3,0.04,0.105456
0.22,0.0,0.46,0.28,0.04,0.110394
0.26,0.0,0.42,0.28,0.04,0.094908
0.36,0.0,0.32,0.28,0.04,0.095797
0.02,0.0,0.68,0.26,0.04,0.071109
0.2,0.0,0.54,0.22,0.04,0.088408
0.22,0.0,0.52,0.22,0.04,0.091368
0.1,0.0,0.66,0.2,0.04,0.084243
0.62,0.0,0.14,0.2,0.04,0.103221
0.46,0.0,0.32,0.18,0.04,0.111565
0.66,0.0,0.14,0.16,0.04,0.112403
0.68,0.0,0.12,0.16,0.04,0.125274
0.7,0.0,0.1,0.16,0.04,0.111633
0.48,0.0,0.34,0.14,0.04,0.155968
0.04,0.0,0.8,0.12,0.04,0.102246
0.8,0.0,0.06,0.1,0.04,0.152399
0.7,0.0,0.16,0.1,0.04,0.160159
0.1,0.0,0.78,0.08,0.04,0.120184
0.2,0.0,0.68,0.08,0.04,0.127947
0.42,0.0,0.48,0.06,0.04,0.136387
0.04,0.0,0.86,0.06,0.04,0.111973
0.18,0.0,0.72,0.06,0.04,0.139585
0.76,0.0,0.16,0.04,0.04,0.196958
0.06,0.0,0.86,0.04,0.04,0.126614
0.42,0.0,0.5,0.04,0.04,0.166846
0.04,0.0,0.88,0.04,0.04,0.161617
0.6,0.0,0.32,0.04,0.04,0.194564
0.46,0.0,0.48,0.02,0.04,0.19054
0.08,0.0,0.12,0.74,0.06,0.097284
0.18,0.0,0.04,0.72,0.06,0.095201
0.08,0.0,0.18,0.68,0.06,0.096163
0.12,0.0,0.16,0.66,0.06,0.098094
0.08,0.0,0.24,0.62,0.06,0.10451
0.1,0.0,0.28,0.56,0.06,0.09517
0.34,0.0,0.08,0.52,0.06,0.101694
0.1,0.0,0.36,0.48,0.06,0.096182
0.24,0.0,0.22,0.48,0.06,0.109213
0.1,0.0,0.42,0.42,0.06,0.117075
0.16,0.0,0.38,0.4,0.06,0.1128
0.5,0.0,0.04,0.4,0.06,0.120772
0.1,0.0,0.48,0.36,0.06,0.093657
0.32,0.0,0.26,0.36,0.06,0.105825
0.08,0.0,0.54,0.32,0.06,0.078974
0.4,0.0,0.24,0.3,0.06,0.09771
0.3,0.0,0.34,0.3,0.06,0.099779
0.28,0.0,0.4,0.26,0.06,0.103956
0.12,0.0,0.58,0.24,0.06,0.082408
0.34,0.0,0.4,0.2,0.06,0.109846
0.34,0.0,0.46,0.14,0.06,0.136029
0.4,0.0,0.42,0.12,0.06,0.131808
0.34,0.0,0.48,0.12,0.06,0.127336
0.54,0.0,0.28,0.12,0.06,0.152665
0.26,0.0,0.56,0.12,0.06,0.121251
0.74,0.0,0.08,0.12,0.06,0.164309
0.38,0.0,0.46,0.1,0.06,0.174167
0.8,0.0,0.04,0.1,0.06,0.125599
0.24,0.0,0.6,0.1,0.06,0.348685
0.68,0.0,0.18,0.08,0.06,0.395957
0.82,0.0,0.04,0.08,0.06,0.181599
0.04,0.0,0.82,0.08,0.06,0.118601
0.62,0.0,0.24,0.08,0.06,0.166246
0.12,0.0,0.76,0.06,0.06,0.130716
0.84,0.0,0.04,0.06,0.06,0.198462
0.12,0.0,0.76,0.06,0.06,0.140926
0.24,0.0,0.66,0.04,0.06,0.172136
0.62,0.0,0.28,0.04,0.06,0.201393
0.12,0.0,0.06,0.74,0.08,0.107634
0.04,0.0,0.16,0.72,0.08,0.179012
0.06,0.0,0.16,0.7,0.08,0.171188
0.14,0.0,0.12,0.66,0.08,0.190578
0.04,0.0,0.24,0.64,0.08,0.156004
0.08,0.0,0.22,0.62,0.08,0.103135
0.02,0.0,0.3,0.6,0.08,0.096617
0.04,0.0,0.28,0.6,0.08,0.088569
0.16,0.0,0.16,0.6,0.08,0.119173
0.1,0.0,0.24,0.58,0.08,0.110802
0.1,0.0,0.24,0.58,0.08,0.125232
0.28,0.0,0.08,0.56,0.08,0.167691
0.2,0.0,0.18,0.54,0.08,0.127558
0.36,0.0,0.08,0.48,0.08,0.115528
0.26,0.0,0.22,0.44,0.08,0.150432
0.44,0.0,0.04,0.44,0.08,0.143455
0.42,0.0,0.06,0.44,0.08,0.151473
0.36,0.0,0.14,0.42,0.08,0.109929
0.54,0.0,0.02,0.36,0.08,0.128529
0.3,0.0,0.26,0.36,0.08,0.092428
0.54,0.0,0.06,0.32,0.08,0.114159
0.32,0.0,0.3,0.3,0.08,0.121292
0.24,0.0,0.4,0.28,0.08,0.122711
0.04,0.0,0.6,0.28,0.08,0.092171
0.3,0.0,0.34,0.28,0.08,0.109512
0.5,0.0,0.16,0.26,0.08,0.119344
0.28,0.0,0.38,0.26,0.08,0.110825
0.14,0.0,0.52,0.26,0.08,0.111403
0.48,0.0,0.2,0.24,0.08,0.121536
0.18,0.0,0.5,0.24,0.08,0.116053
0.58,0.0,0.12,0.22,0.08,0.11725
0.66,0.0,0.04,0.22,0.08,0.112697
0.32,0.0,0.38,0.22,0.08,0.108683
0.56,0.0,0.14,0.22,0.08,0.12856
0.18,0.0,0.52,0.22,0.08,0.113819
0.22,0.0,0.5,0.2,0.08,0.126034
0.4,0.0,0.32,0.2,0.08,0.109928
0.3,0.0,0.42,0.2,0.08,0.117639
0.22,0.0,0.5,0.2,0.08,0.114326
0.2,0.0,0.54,0.18,0.08,0.115222
0.62,0.0,0.14,0.16,0.08,0.136313
0.42,0.0,0.36,0.14,0.08,0.124784
0.42,0.0,0.36,0.14,0.08,0.134979
0.48,0.0,0.3,0.14,0.08,0.116477
0.58,0.0,0.2,0.14,0.08,0.151146
0.12,0.0,0.68,0.12,0.08,0.129041
0.56,0.0,0.28,0.08,0.08,0.181164
0.32,0.0,0.52,0.08,0.08,0.156386
0.22,0.0,0.62,0.08,0.08,0.159314
0.36,0.0,0.5,0.06,0.08,0.165956
0.02,0.0,0.12,0.76,0.1,0.109471
0.1,0.0,0.06,0.74,0.1,0.120387
0.06,0.0,0.12,0.72,0.1,0.107391
0.08,0.0,0.16,0.66,0.1,0.133401
0.04,0.0,0.2,0.66,0.1,0.117254
0.04,0.0,0.24,0.62,0.1,0.102284
0.16,0.0,0.16,0.58,0.1,0.139276
0.2,0.0,0.14,0.56,0.1,0.129625
0.22,0.0,0.12,0.56,0.1,0.173294
0.26,0.0,0.1,0.54,0.1,0.132529
0.1,0.0,0.32,0.48,0.1,0.135316
0.12,0.0,0.32,0.46,0.1,0.120833
0.28,0.0,0.16,0.46,0.1,0.131033
0.2,0.0,0.24,0.46,0.1,0.127175
0.02,0.0,0.44,0.44,0.1,0.107901
0.26,0.0,0.26,0.38,0.1,0.121155
0.32,0.0,0.24,0.34,0.1,0.127848
0.24,0.0,0.32,0.34,0.1,0.125581
0.24,0.0,0.34,0.32,0.1,0.155845
0.28,0.0,0.32,0.3,0.1,0.156709
0.26,0.0,0.34,0.3,0.1,0.142581
0.52,0.0,0.14,0.24,0.1,0.17145
0.38,0.0,0.32,0.2,0.1,0.16274
0.62,0.0,0.08,0.2,0.1,0.176692
0.38,0.0,0.34,0.18,0.1,0.176452
0.04,0.0,0.68,0.18,0.1,0.141978
0.34,0.0,0.42,0.14,0.1,0.184585
0.12,0.0,0.64,0.14,0.1,0.165714
0.56,0.0,0.28,0.06,0.1,0.260121
0.82,0.0,0.02,0.06,0.1,0.183861
0.5,0.0,0.38,0.02,0.1,0.205904
0.02,0.0,0.14,0.72,0.12,0.149806
0.12,0.0,0.1,0.66,0.12,0.16893
0.18,0.0,0.04,0.66,0.12,0.170961
0.06,0.0,0.22,0.6,0.12,0.166606
0.18,0.0,0.1,0.6,0.12,0.164411
0.02,0.0,0.26,0.6,0.12,0.129284
0.22,0.0,0.1,0.56,0.12,0.19847
0.3,0.0,0.06,0.52,0.12,0.178925
0.18,0.0,0.18,0.52,0.12,0.162468
0.1,0.0,0.34,0.44,0.12,0.159099
0.16,0.0,0.3,0.42,0.12,0.170826
0.44,0.0,0.02,0.42,0.12,0.184195
0.24,0.0,0.26,0.38,0.12,0.163352
0.48,0.0,0.02,0.38,0.12,0.199035
0.36,0.0,0.16,0.36,0.12,0.171424
0.04,0.0,0.48,0.36,0.12,0.124006
0.16,0.0,0.42,0.3,0.12,0.157946
0.56,0.0,0.04,0.28,0.12,0.183699
0.06,0.0,0.54,0.28,0.12,0.143798
0.34,0.0,0.28,0.26,0.12,0.140277
0.04,0.0,0.6,0.24,0.12,0.148214
0.48,0.0,0.18,0.22,0.12,0.173818
0.18,0.0,0.48,0.22,0.12,0.151915
0.24,0.0,0.44,0.2,0.12,0.155463
0.24,0.0,0.44,0.2,0.12,0.161289
0.52,0.0,0.2,0.16,0.12,0.186062
0.32,0.0,0.4,0.16,0.12,0.181885
0.54,0.0,0.2,0.14,0.12,0.197142
0.5,0.0,0.24,0.14,0.12,0.205244
0.22,0.0,0.52,0.14,0.12,0.176045
0.34,0.0,0.4,0.14,0.12,0.181116
0.24,0.0,0.52,0.12,0.12,0.182227
0.52,0.0,0.26,0.1,0.12,0.217231
0.06,0.0,0.72,0.1,0.12,0.17916
0.34,0.0,0.46,0.08,0.12,0.169504
0.68,0.0,0.12,0.08,0.12,0.172497
0.74,0.0,0.06,0.08,0.12,0.248695
0.16,0.0,0.64,0.08,0.12,0.209032
0.58,0.0,0.22,0.08,0.12,0.235381
0.58,0.0,0.22,0.08,0.12,0.234162
0.16,0.0,0.66,0.06,0.12,0.199149
0.04,0.0,0.8,0.04,0.12,0.205953
0.34,0.0,0.52,0.02,0.12,0.200203
0.02,0.0,0.1,0.74,0.14,0.179905
0.06,0.0,0.14,0.66,0.14,0.174621
0.06,0.0,0.16,0.64,0.14,0.169117
0.2,0.0,0.12,0.54,0.14,0.184327
0.2,0.0,0.12,0.54,0.14,0.199219
0.2,0.0,0.12,0.54,0.14,0.199609
0.26,0.0,0.1,0.5,0.14,0.194667
0.02,0.0,0.36,0.48,0.14,0.172798
0.08,0.0,0.34,0.44,0.14,0.17894
0.28,0.0,0.16,0.42,0.14,0.181271
0.16,0.0,0.3,0.4,0.14,0.217194
0.3,0.0,0.16,0.4,0.14,0.175676
0.14,0.0,0.38,0.34,0.14,0.18473
0.04,0.0,0.48,0.34,0.14,0.131323
0.22,0.0,0.32,0.32,0.14,0.177806
0.5,0.0,0.06,0.3,0.14,0.190319
0.04,0.0,0.54,0.28,0.14,0.138384
0.28,0.0,0.34,0.24,0.14,0.17191
0.42,0.0,0.24,0.2,0.14,0.179777
0.08,0.0,0.58,0.2,0.14,0.14978
0.24,0.0,0.44,0.18,0.14,0.17563
0.2,0.0,0.48,0.18,0.14,0.174612
0.62,0.0,0.06,0.18,0.14,0.20929
0.66,0.0,0.02,0.18,0.14,0.232247
0.42,0.0,0.28,0.16,0.14,0.188975
0.56,0.0,0.14,0.16,0.14,0.199957
0.06,0.0,0.64,0.16,0.14,0.149956
0.26,0.0,0.46,0.14,0.14,0.171067
0.7,0.0,0.04,0.12,0.14,0.245741
0.6,0.0,0.14,0.12,0.14,0.216576
0.06,0.0,0.7,0.1,0.14,0.179126
0.26,0.0,0.52,0.08,0.14,0.161958
0.6,0.0,0.18,0.08,0.14,0.237774
0.7,0.0,0.1,0.06,0.14,0.192056
0.32,0.0,0.48,0.06,0.14,0.176942
0.48,0.0,0.34,0.04,0.14,0.176055
0.04,0.0,0.02,0.78,0.16,0.144868
0.18,0.0,0.04,0.62,0.16,0.203841
0.22,0.0,0.08,0.54,0.16,0.200714
0.22,0.0,0.12,0.5,0.16,0.228925
0.22,0.0,0.18,0.44,0.16,0.182746
0.22,0.0,0.28,0.34,0.16,0.179018
0.4,0.0,0.1,0.34,0.16,0.18266
0.08,0.0,0.46,0.3,0.16,0.132548
0.44,0.0,0.12,0.28,0.16,0.174267
0.18,0.0,0.38,0.28,0.16,0.15136
0.18,0.0,0.4,0.26,0.16,0.142633
0.2,0.0,0.38,0.26,0.16,0.149925
0.42,0.0,0.18,0.24,0.16,0.155168
0.04,0.0,0.58,0.22,0.16,0.109946
0.04,0.0,0.6,0.2,0.16,0.121244
0.48,0.0,0.18,0.18,0.16,0.164822
0.48,0.0,0.18,0.18,0.16,0.201829
0.06,0.0,0.62,0.16,0.16,0.123413
0.08,0.0,0.62,0.14,0.16,0.145897
0.56,0.0,0.16,0.12,0.16,0.201329
0.44,0.0,0.28,0.12,0.16,0.199621
0.24,0.0,0.48,0.12,0.16,0.130653
0.46,0.0,0.26,0.12,0.16,0.119472
0.38,0.0,0.34,0.12,0.16,0.162742
0.22,0.0,0.5,0.12,0.16,0.14876
0.42,0.0,0.32,0.1,0.16,0.148768
0.58,0.0,0.18,0.08,0.16,0.10247
0.32,0.0,0.44,0.08,0.16,0.088469
0.72,0.0,0.06,0.06,0.16,0.1143
0.6,0.0,0.2,0.04,0.16,0.123675
0.76,0.0,0.06,0.02,0.16,0.154683
0.08,0.0,0.02,0.72,0.18,0.196291
0.1,0.0,0.06,0.66,0.18,0.187805
0.12,0.0,0.08,0.62,0.18,0.200177
0.06,0.0,0.2,0.56,0.18,0.180416
0.2,0.0,0.06,0.56,0.18,0.204962
0.06,0.0,0.22,0.54,0.18,0.189094
0.14,0.0,0.22,0.46,0.18,0.20172
0.12,0.0,0.24,0.46,0.18,0.190968
0.28,0.0,0.1,0.44,0.18,0.176711
0.36,0.0,0.1,0.36,0.18,0.227512
0.42,0.0,0.06,0.34,0.18,0.20888
0.34,0.0,0.14,0.34,0.18,0.206401
0.08,0.0,0.44,0.3,0.18,0.163394
0.48,0.0,0.1,0.24,0.18,0.196101
0.36,0.0,0.22,0.24,0.18,0.178161
0.24,0.0,0.36,0.22,0.18,0.169678
0.34,0.0,0.26,0.22,0.18,0.166961
0.48,0.0,0.12,0.22,0.18,0.193773
0.58,0.0,0.04,0.2,0.18,0.210701
0.1,0.0,0.52,0.2,0.18,0.149833
0.28,0.0,0.36,0.18,0.18,0.151553
0.28,0.0,0.38,0.16,0.18,0.170317
0.64,0.0,0.04,0.14,0.18,0.242754
0.64,0.0,0.04,0.14,0.18,0.212099
0.16,0.0,0.54,0.12,0.18,0.150085
0.56,0.0,0.16,0.1,0.18,0.194175
0.16,0.0,0.6,0.06,0.18,0.089524
0.42,0.0,0.34,0.06,0.18,0.11013
0.12,0.0,0.68,0.02,0.18,0.100423
0.7,0.0,0.1,0.02,0.18,0.143536
0.06,0.0,0.02,0.72,0.2,0.195707
0.02,0.0,0.1,0.68,0.2,0.217757
0.14,0.0,0.02,0.64,0.2,0.208795
0.1,0.0,0.1,0.6,0.2,0.25004
0.04,0.0,0.18,0.58,0.2,0.230348
0.02,0.0,0.2,0.58,0.2,0.231562
0.18,0.0,0.06,0.56,0.2,0.238108
0.1,0.0,0.14,0.56,0.2,0.232567
0.22,0.0,0.04,0.54,0.2,0.227108
0.28,0.0,0.04,0.48,0.2,0.258761
0.24,0.0,0.08,0.48,0.2,0.2821
0.02,0.0,0.32,0.46,0.2,0.204026
0.2,0.0,0.14,0.46,0.2,0.21857
0.02,0.0,0.38,0.4,0.2,0.188088
0.28,0.0,0.12,0.4,0.2,0.199373
0.36,0.0,0.04,0.4,0.2,0.235334
0.02,0.0,0.4,0.38,0.2,0.180324
0.02,0.0,0.44,0.34,0.2,0.157569
0.04,0.0,0.42,0.34,0.2,0.18432
0.26,0.0,0.2,0.34,0.2,0.204312
0.22,0.0,0.3,0.28,0.2,0.19735
0.32,0.0,0.2,0.28,0.2,0.204456
0.08,0.0,0.46,0.26,0.2,0.17
0.22,0.0,0.34,0.24,0.2,0.170552
0.42,0.0,0.14,0.24,0.2,0.214046
0.5,0.0,0.08,0.22,0.2,0.192337
0.28,0.0,0.32,0.2,0.2,0.223555
0.4,0.0,0.2,0.2,0.2,0.227719
0.14,0.0,0.46,0.2,0.2,0.174423
0.38,0.0,0.22,0.2,0.2,0.204855
0.1,0.0,0.52,0.18,0.2,0.157854
0.08,0.0,0.54,0.18,0.2,0.157391
0.2,0.0,0.44,0.16,0.2,0.167043
0.44,0.0,0.22,0.14,0.2,0.208522
0.24,0.0,0.42,0.14,0.2,0.177896
0.16,0.0,0.5,0.14,0.2,0.181131
0.46,0.0,0.2,0.14,0.2,0.171165
0.54,0.0,0.14,0.12,0.2,0.217975
0.14,0.0,0.56,0.1,0.2,0.075195
0.3,0.0,0.4,0.1,0.2,0.223251
0.52,0.0,0.18,0.1,0.2,0.111058
0.1,0.0,0.62,0.08,0.2,0.095602
0.26,0.0,0.46,0.08,0.2,0.101116
0.04,0.0,0.72,0.04,0.2,0.16413
0.22,0.0,0.54,0.04,0.2,0.111766
0.02,0.0,0.76,0.02,0.2,0.136488
0.26,0.0,0.52,0.02,0.2,0.121195
0.08,0.0,0.06,0.64,0.22,0.281007
0.08,0.0,0.1,0.6,0.22,0.269979
0.16,0.0,0.04,0.58,0.22,0.275023
0.06,0.0,0.14,0.58,0.22,0.282253
0.24,0.0,0.1,0.44,0.22,0.286607
0.2,0.0,0.16,0.42,0.22,0.263769
0.24,0.0,0.16,0.38,0.22,0.263925
0.16,0.0,0.24,0.38,0.22,0.246175
0.02,0.0,0.4,0.36,0.22,0.186088
0.42,0.0,0.04,0.32,0.22,0.300237
0.36,0.0,0.12,0.3,0.22,0.306519
0.3,0.0,0.18,0.3,0.22,0.217226
0.36,0.0,0.12,0.3,0.22,0.187379
0.2,0.0,0.28,0.3,0.22,0.241678
0.18,0.0,0.34,0.26,0.22,0.227226
0.52,0.0,0.06,0.2,0.22,0.26965
0.02,0.0,0.6,0.16,0.22,0.171825
0.26,0.0,0.38,0.14,0.22,0.211972
0.3,0.0,0.34,0.14,0.22,0.219734
0.36,0.0,0.3,0.12,0.22,0.126596
0.4,0.0,0.26,0.12,0.22,0.19555
0.06,0.0,0.62,0.1,0.22,0.119654
0.56,0.0,0.16,0.06,0.22,0.122207
0.74,0.0,0.02,0.02,0.22,0.158828
0.02,0.0,0.12,0.62,0.24,0.266415
0.02,0.0,0.26,0.48,0.24,0.251856
0.26,0.0,0.02,0.48,0.24,0.325582
0.26,0.0,0.04,0.46,0.24,0.325115
0.06,0.0,0.26,0.44,0.24,0.297123
0.24,0.0,0.1,0.42,0.24,0.296335
0.26,0.0,0.12,0.38,0.24,0.311322
0.3,0.0,0.12,0.34,0.24,0.268384
0.32,0.0,0.12,0.32,0.24,0.242568
0.44,0.0,0.02,0.3,0.24,0.271808
0.46,0.0,0.02,0.28,0.24,0.403377
0.48,0.0,0.02,0.26,0.24,0.3064
0.32,0.0,0.18,0.26,0.24,0.272359
0.42,0.0,0.1,0.24,0.24,0.27631
0.4,0.0,0.12,0.24,0.24,0.284204
0.22,0.0,0.3,0.24,0.24,0.252204
0.4,0.0,0.12,0.24,0.24,0.269268
0.44,0.0,0.1,0.22,0.24,0.291866
0.2,0.0,0.34,0.22,0.24,0.245098
0.12,0.0,0.46,0.18,0.24,0.242034
0.52,0.0,0.06,0.18,0.24,0.269105
0.6,0.0,0.02,0.14,0.24,0.350284
0.26,0.0,0.36,0.14,0.24,0.217789
0.46,0.0,0.16,0.14,0.24,0.21289
0.24,0.0,0.38,0.14,0.24,0.197383
0.5,0.0,0.12,0.14,0.24,0.27607
0.54,0.0,0.1,0.12,0.24,0.101731
0.42,0.0,0.22,0.12,0.24,0.097064
0.46,0.0,0.2,0.1,0.24,0.102834
0.24,0.0,0.42,0.1,0.24,0.099396
0.16,0.0,0.52,0.08,0.24,0.10243
0.56,0.0,0.14,0.06,0.24,0.132078
0.42,0.0,0.32,0.02,0.24,0.147037
0.2,0.0,0.54,0.02,0.24,0.13343
0.1,0.0,0.02,0.62,0.26,0.328308
0.12,0.0,0.04,0.58,0.26,0.320124
0.1,0.0,0.18,0.46,0.26,0.323814
0.24,0.0,0.04,0.46,0.26,0.351124
0.16,0.0,0.14,0.44,0.26,0.326016
0.16,0.0,0.14,0.44,0.26,0.322707
0.3,0.0,0.02,0.42,0.26,0.337204
0.28,0.0,0.04,0.42,0.26,0.347263
0.2,0.0,0.14,0.4,0.26,0.306909
0.1,0.0,0.24,0.4,0.26,0.295094
0.32,0.0,0.02,0.4,0.26,0.337922
0.22,0.0,0.12,0.4,0.26,0.315406
0.08,0.0,0.28,0.38,0.26,0.29168
0.2,0.0,0.18,0.36,0.26,0.290684
0.3,0.0,0.08,0.36,0.26,0.296357
0.32,0.0,0.08,0.34,0.26,0.321021
0.26,0.0,0.14,0.34,0.26,0.297244
0.34,0.0,0.08,0.32,0.26,0.331183
0.32,0.0,0.12,0.3,0.26,0.331639
0.04,0.0,0.42,0.28,0.26,0.213423
0.08,0.0,0.38,0.28,0.26,0.28458
0.34,0.0,0.14,0.26,0.26,0.301027
0.34,0.0,0.16,0.24,0.26,0.312801
0.08,0.0,0.44,0.22,0.26,0.232314
0.16,0.0,0.38,0.2,0.26,0.287114
0.36,0.0,0.24,0.14,0.26,0.136025
0.4,0.0,0.2,0.14,0.26,0.2881
0.04,0.0,0.58,0.12,0.26,0.134212
0.24,0.0,0.4,0.1,0.26,0.097309
0.18,0.0,0.52,0.04,0.26,0.117464
0.28,0.0,0.44,0.02,0.26,0.16512
0.08,0.0,0.16,0.48,0.28,0.325528
0.16,0.0,0.08,0.48,0.28,0.33052
0.2,0.0,0.08,0.44,0.28,0.327848
0.06,0.0,0.24,0.42,0.28,0.267569
0.26,0.0,0.1,0.36,0.28,0.305506
0.1,0.0,0.28,0.34,0.28,0.26937
0.36,0.0,0.06,0.3,0.28,0.309279
0.14,0.0,0.3,0.28,0.28,0.243066
0.4,0.0,0.08,0.24,0.28,0.366483
0.14,0.0,0.36,0.22,0.28,0.251503
0.24,0.0,0.26,0.22,0.28,0.283388
0.26,0.0,0.26,0.2,0.28,0.271108
0.2,0.0,0.34,0.18,0.28,0.250471
0.04,0.0,0.52,0.16,0.28,0.198665
0.28,0.0,0.32,0.12,0.28,0.137296
0.34,0.0,0.26,0.12,0.28,0.135152
0.44,0.0,0.16,0.12,0.28,0.145434
0.12,0.0,0.48,0.12,0.28,0.121632
0.38,0.0,0.24,0.1,0.28,0.194312
0.36,0.0,0.28,0.08,0.28,0.221013
0.14,0.0,0.52,0.06,0.28,0.149167
0.2,0.0,0.48,0.04,0.28,0.167277
0.4,0.0,0.28,0.04,0.28,0.186806
0.54,0.0,0.16,0.02,0.28,0.214935
0.1,0.0,0.06,0.54,0.3,0.36397
0.04,0.0,0.2,0.46,0.3,0.296874
0.04,0.0,0.26,0.4,0.3,0.289396
0.1,0.0,0.24,0.36,0.3,0.281444
0.32,0.0,0.04,0.34,0.3,0.365065
0.1,0.0,0.28,0.32,0.3,0.279054
0.32,0.0,0.12,0.26,0.3,0.295408
0.22,0.0,0.24,0.24,0.3,0.265064
0.28,0.0,0.18,0.24,0.3,0.279535
0.36,0.0,0.16,0.18,0.3,0.252609
0.26,0.0,0.26,0.18,0.3,0.280439
0.08,0.0,0.44,0.18,0.3,0.267661
0.42,0.0,0.14,0.14,0.3,0.134496
0.06,0.0,0.5,0.14,0.3,0.190432
0.06,0.0,0.52,0.12,0.3,0.119893
0.26,0.0,0.32,0.12,0.3,0.259789
0.24,0.0,0.36,0.1,0.3,0.141699
0.52,0.0,0.08,0.1,0.3,0.149404
0.06,0.0,0.56,0.08,0.3,0.126598
0.04,0.0,0.58,0.08,0.3,0.120273
0.02,0.0,0.64,0.04,0.3,0.136512
0.04,0.0,0.62,0.04,0.3,0.137155
0.24,0.0,0.42,0.04,0.3,0.18595
0.64,0.0,0.02,0.04,0.3,0.217691
0.24,0.0,0.42,0.04,0.3,0.161077
0.66,0.0,0.02,0.02,0.3,0.274113
0.58,0.0,0.1,0.02,0.3,0.228988
0.52,0.0,0.16,0.02,0.3,0.225552
0.08,0.0,0.04,0.56,0.32,0.369885
0.02,0.0,0.1,0.56,0.32,0.356717
0.02,0.0,0.14,0.52,0.32,0.339195
0.14,0.0,0.04,0.5,0.32,0.368068
0.1,0.0,0.08,0.5,0.32,0.3396
0.08,0.0,0.12,0.48,0.32,0.328841
0.22,0.0,0.04,0.42,0.32,0.367352
0.08,0.0,0.2,0.4,0.32,0.39204
0.1,0.0,0.24,0.34,0.32,0.323361
0.16,0.0,0.2,0.32,0.32,0.349321
0.02,0.0,0.34,0.32,0.32,0.252807
0.38,0.0,0.02,0.28,0.32,0.414791
0.42,0.0,0.02,0.24,0.32,0.366666
0.18,0.0,0.26,0.24,0.32,0.308775
0.3,0.0,0.18,0.2,0.32,0.261683
0.34,0.0,0.16,0.18,0.32,0.303465
0.42,0.0,0.08,0.18,0.32,0.291674
0.4,0.0,0.12,0.16,0.32,0.330224
0.16,0.0,0.36,0.16,0.32,0.132914
0.02,0.0,0.52,0.14,0.32,0.106854
0.54,0.0,0.02,0.12,0.32,0.16717
0.54,0.0,0.02,0.12,0.32,0.188143
0.22,0.0,0.34,0.12,0.32,0.142621
0.26,0.0,0.3,0.12,0.32,0.146061
0.08,0.0,0.5,0.1,0.32,0.231472
0.4,0.0,0.2,0.08,0.32,0.164353
0.22,0.0,0.38,0.08,0.32,0.154419
0.34,0.0,0.26,0.08,0.32,0.160178
0.2,0.0,0.44,0.04,0.32,0.18178
0.04,0.0,0.1,0.52,0.34,0.383724
0.06,0.0,0.14,0.46,0.34,0.402898
0.14,0.0,0.16,0.36,0.34,0.382526
0.12,0.0,0.18,0.36,0.34,0.34961
0.24,0.0,0.06,0.36,0.34,0.416455
0.28,0.0,0.04,0.34,0.34,0.421449
0.22,0.0,0.18,0.26,0.34,0.357828
0.24,0.0,0.26,0.16,0.34,0.12151
0.44,0.0,0.12,0.1,0.34,0.14236
0.48,0.0,0.1,0.08,0.34,0.159909
0.02,0.0,0.56,0.08,0.34,0.1259
0.16,0.0,0.46,0.04,0.34,0.165305
0.3,0.0,0.32,0.04,0.34,0.154848
0.36,0.0,0.26,0.04,0.34,0.180528
0.34,0.0,0.3,0.02,0.34,0.148462
0.46,0.0,0.18,0.02,0.34,0.210988
0.04,0.0,0.6,0.02,0.34,0.151298
0.04,0.0,0.16,0.44,0.36,0.340405
0.16,0.0,0.08,0.4,0.36,0.331949
0.08,0.0,0.16,0.4,0.36,0.336074
0.18,0.0,0.08,0.38,0.36,0.317333
0.02,0.0,0.28,0.34,0.36,0.252242
0.32,0.0,0.02,0.3,0.36,0.383303
0.12,0.0,0.22,0.3,0.36,0.30001
0.08,0.0,0.28,0.28,0.36,0.259357
0.18,0.0,0.24,0.22,0.36,0.29501
0.36,0.0,0.08,0.2,0.36,0.324902
0.18,0.0,0.28,0.18,0.36,0.118221
0.26,0.0,0.22,0.16,0.36,0.148672
0.48,0.0,0.04,0.12,0.36,0.26939
0.3,0.0,0.26,0.08,0.36,0.146988
0.36,0.0,0.2,0.08,0.36,0.166735
0.22,0.0,0.34,0.08,0.36,0.143056
0.26,0.0,0.32,0.06,0.36,0.16478
0.56,0.0,0.04,0.04,0.36,0.192159
0.1,0.0,0.5,0.04,0.36,0.155507
0.54,0.0,0.08,0.02,0.36,0.206383
0.02,0.0,0.06,0.54,0.38,0.382065
0.22,0.0,0.02,0.38,0.38,0.422607
0.08,0.0,0.24,0.3,0.38,0.346768
0.28,0.0,0.1,0.24,0.38,0.315118
0.1,0.0,0.36,0.16,0.38,0.099668
0.02,0.0,0.44,0.16,0.38,0.106928
0.44,0.0,0.04,0.14,0.38,0.144145
0.38,0.0,0.1,0.14,0.38,0.27462
0.48,0.0,0.04,0.1,0.38,0.125948
0.3,0.0,0.22,0.1,0.38,0.143307
0.2,0.0,0.32,0.1,0.38,0.134798
0.08,0.0,0.46,0.08,0.38,0.132169
0.28,0.0,0.26,0.08,0.38,0.154135
0.02,0.0,0.54,0.06,0.38,0.109997
0.32,0.0,0.24,0.06,0.38,0.141448
0.28,0.0,0.3,0.04,0.38,0.174467
0.5,0.0,0.1,0.02,0.38,0.199535
0.12,0.0,0.48,0.02,0.38,0.172367
0.02,0.0,0.1,0.48,0.4,0.397057
0.14,0.0,0.08,0.38,0.4,0.407406
0.18,0.0,0.1,0.32,0.4,0.322729
0.08,0.0,0.26,0.26,0.4,0.311272
0.36,0.0,0.04,0.2,0.4,0.346492
0.1,0.0,0.3,0.2,0.4,0.297104
0.26,0.0,0.18,0.16,0.4,0.119417
0.1,0.0,0.36,0.14,0.4,0.103035
0.22,0.0,0.24,0.14,0.4,0.119842
0.42,0.0,0.08,0.1,0.4,0.12339
0.02,0.0,0.48,0.1,0.4,0.094974
0.38,0.0,0.12,0.1,0.4,0.159918
0.44,0.0,0.06,0.1,0.4,0.147274
0.2,0.0,0.3,0.1,0.4,0.140834
0.38,0.0,0.14,0.08,0.4,0.127126
0.5,0.0,0.04,0.06,0.4,0.193284
0.46,0.0,0.08,0.06,0.4,0.181856
0.34,0.0,0.2,0.06,0.4,0.181681
0.42,0.0,0.14,0.04,0.4,0.153149
0.28,0.0,0.28,0.04,0.4,0.163304
0.12,0.0,0.46,0.02,0.4,0.169485
0.06,0.0,0.06,0.46,0.42,0.466069
0.1,0.0,0.04,0.44,0.42,0.458977
0.14,0.0,0.08,0.36,0.42,0.428453
0.16,0.0,0.06,0.36,0.42,0.429375
0.22,0.0,0.02,0.34,0.42,0.486789
0.18,0.0,0.06,0.34,0.42,0.407511
0.06,0.0,0.2,0.32,0.42,0.392207
0.16,0.0,0.12,0.3,0.42,0.377831
0.16,0.0,0.12,0.3,0.42,0.393506
0.04,0.0,0.28,0.26,0.42,0.328026
0.04,0.0,0.28,0.26,0.42,0.320831
0.26,0.0,0.08,0.24,0.42,0.354244
0.12,0.0,0.26,0.2,0.42,0.272061
0.16,0.0,0.22,0.2,0.42,0.141157
0.32,0.0,0.08,0.18,0.42,0.118799
0.14,0.0,0.28,0.16,0.42,0.109803
0.28,0.0,0.14,0.16,0.42,0.123795
0.16,0.0,0.26,0.16,0.42,0.111577
0.04,0.0,0.4,0.14,0.42,0.09386
0.28,0.0,0.16,0.14,0.42,0.130868
0.38,0.0,0.08,0.12,0.42,0.146601
0.22,0.0,0.26,0.1,0.42,0.139997
0.26,0.0,0.22,0.1,0.42,0.127637
0.14,0.0,0.36,0.08,0.42,0.142255
0.36,0.0,0.14,0.08,0.42,0.123232
0.26,0.0,0.24,0.08,0.42,0.146102
0.02,0.0,0.48,0.08,0.42,0.10419
0.42,0.0,0.1,0.06,0.42,0.166366
0.06,0.0,0.48,0.04,0.42,0.131908
0.32,0.0,0.24,0.02,0.42,0.185839
0.12,0.0,0.02,0.42,0.44,0.500225
0.16,0.0,0.04,0.36,0.44,0.445191
0.02,0.0,0.18,0.36,0.44,0.409134
0.24,0.0,0.02,0.3,0.44,0.473153
0.08,0.0,0.2,0.28,0.44,0.311984
0.26,0.0,0.02,0.28,0.44,0.509589
0.22,0.0,0.1,0.24,0.44,0.347687
0.16,0.0,0.16,0.24,0.44,0.342598
0.24,0.0,0.1,0.22,0.44,0.112643
0.04,0.0,0.3,0.22,0.44,0.209451
0.18,0.0,0.18,0.2,0.44,0.104845
0.04,0.0,0.38,0.14,0.44,0.079773
0.34,0.0,0.08,0.14,0.44,0.121462
0.28,0.0,0.2,0.08,0.44,0.135126
0.12,0.0,0.4,0.04,0.44,0.140885
0.52,0.0,0.02,0.02,0.44,0.135441
0.4,0.0,0.14,0.02,0.44,0.15963
0.46,0.0,0.08,0.02,0.44,0.205633
0.16,0.0,0.38,0.02,0.44,0.164956
0.04,0.0,0.06,0.44,0.46,0.493221
0.08,0.0,0.06,0.4,0.46,0.511796
0.12,0.0,0.04,0.38,0.46,0.501227
0.12,0.0,0.06,0.36,0.46,0.48145
0.08,0.0,0.12,0.34,0.46,0.416568
0.04,0.0,0.18,0.32,0.46,0.408191
0.16,0.0,0.2,0.18,0.46,0.113199
0.2,0.0,0.2,0.14,0.46,0.121003
0.06,0.0,0.34,0.14,0.46,0.092283
0.26,0.0,0.14,0.14,0.46,0.119127
0.02,0.0,0.4,0.12,0.46,0.085103
0.38,0.0,0.04,0.12,0.46,0.146154
0.1,0.0,0.34,0.1,0.46,0.122469
0.2,0.0,0.24,0.1,0.46,0.140975
0.44,0.0,0.02,0.08,0.46,0.188733
0.32,0.0,0.16,0.06,0.46,0.167059
0.08,0.0,0.42,0.04,0.46,0.143302
0.08,0.0,0.14,0.3,0.48,0.41585
0.22,0.0,0.04,0.26,0.48,0.472745
0.1,0.0,0.16,0.26,0.48,0.380417
0.2,0.0,0.08,0.24,0.48,0.318924
0.26,0.0,0.06,0.2,0.48,0.233072
0.16,0.0,0.16,0.2,0.48,0.11027
0.04,0.0,0.36,0.12,0.48,0.096909
0.22,0.0,0.2,0.1,0.48,0.137876
0.16,0.0,0.28,0.08,0.48,0.146479
0.18,0.0,0.28,0.06,0.48,0.160486
0.12,0.0,0.38,0.02,0.48,0.160872
0.32,0.0,0.18,0.02,0.48,0.181999
0.18,0.0,0.32,0.02,0.48,0.174836
0.44,0.0,0.06,0.02,0.48,0.218905
0.04,0.0,0.16,0.3,0.5,0.467647
0.06,0.0,0.14,0.3,0.5,0.456094
0.08,0.0,0.14,0.28,0.5,0.43218
0.1,0.0,0.14,0.26,0.5,0.461651
0.18,0.0,0.08,0.24,0.5,0.141927
0.02,0.0,0.26,0.22,0.5,0.084982
0.14,0.0,0.16,0.2,0.5,0.12523
0.18,0.0,0.16,0.16,0.5,0.123684
0.1,0.0,0.28,0.12,0.5,0.124081
0.32,0.0,0.08,0.1,0.5,0.149715
0.14,0.0,0.26,0.1,0.5,0.129974
0.02,0.0,0.42,0.06,0.5,0.108693
0.14,0.0,0.32,0.04,0.5,0.161021
0.4,0.0,0.06,0.04,0.5,0.189441
0.06,0.0,0.4,0.04,0.5,0.136458
0.08,0.0,0.38,0.04,0.5,0.156237
0.24,0.0,0.24,0.02,0.5,0.188415
0.02,0.0,0.02,0.44,0.52,0.550929
0.04,0.0,0.08,0.36,0.52,0.563441
0.16,0.0,0.02,0.3,0.52,0.583737
0.16,0.0,0.02,0.3,0.52,0.596332
0.14,0.0,0.2,0.14,0.52,0.121777
0.06,0.0,0.3,0.12,0.52,0.118148
0.1,0.0,0.28,0.1,0.52,0.128851
0.38,0.0,0.02,0.08,0.52,0.163269
0.06,0.0,0.38,0.04,0.52,0.137468
0.18,0.0,0.28,0.02,0.52,0.183882
0.16,0.0,0.3,0.02,0.52,0.186985
0.04,0.0,0.02,0.4,0.54,0.636827
0.2,0.0,0.02,0.24,0.54,0.144625
0.22,0.0,0.08,0.16,0.54,0.154807
0.14,0.0,0.18,0.14,0.54,0.11908
0.06,0.0,0.26,0.14,0.54,0.11396
0.3,0.0,0.06,0.1,0.54,0.157726
0.26,0.0,0.16,0.04,0.54,0.17384
0.1,0.0,0.34,0.02,0.54,0.164386
0.06,0.0,0.02,0.36,0.56,0.622503
0.04,0.0,0.08,0.32,0.56,0.630577
0.06,0.0,0.1,0.28,0.56,0.631159
0.02,0.0,0.18,0.24,0.56,0.033337
0.14,0.0,0.1,0.2,0.56,0.099679
0.18,0.0,0.06,0.2,0.56,0.125824
0.18,0.0,0.08,0.18,0.56,0.097159
0.14,0.0,0.12,0.18,0.56,0.108035
0.08,0.0,0.2,0.16,0.56,0.097648
0.06,0.0,0.24,0.14,0.56,0.10087
0.3,0.0,0.06,0.08,0.56,0.127765
0.06,0.0,0.34,0.04,0.56,0.141315
0.38,0.0,0.02,0.04,0.56,0.184663
0.18,0.0,0.04,0.2,0.58,0.217452
0.16,0.0,0.1,0.16,0.58,0.070923
0.22,0.0,0.08,0.12,0.58,0.058639
0.06,0.0,0.24,0.12,0.58,0.060595
0.2,0.0,0.1,0.12,0.58,0.069713
0.3,0.0,0.02,0.1,0.58,0.082666
0.04,0.0,0.12,0.24,0.6,0.050378
0.02,0.0,0.2,0.18,0.6,0.048339
0.18,0.0,0.04,0.18,0.6,0.06262
0.08,0.0,0.16,0.16,0.6,0.058095
0.02,0.0,0.14,0.22,0.62,0.275285
0.08,0.0,0.08,0.22,0.62,0.053882
0.18,0.0,0.02,0.18,0.62,0.062571
0.18,0.0,0.04,0.16,0.62,0.054443
0.12,0.0,0.1,0.16,0.62,0.055504
0.16,0.0,0.06,0.16,0.62,0.062138
0.12,0.0,0.16,0.1,0.62,0.064192
0.14,0.0,0.14,0.1,0.62,0.058988
0.14,0.0,0.2,0.04,0.62,0.076696
0.16,0.0,0.04,0.16,0.64,0.070847
0.06,0.0,0.2,0.1,0.64,0.061501
0.02,0.0,0.26,0.08,0.64,0.058999
0.06,0.0,0.24,0.06,0.64,0.069922
0.02,0.0,0.16,0.16,0.66,0.046554
0.08,0.0,0.14,0.12,0.66,0.056471
0.22,0.0,0.04,0.08,0.66,0.085303
0.24,0.0,0.08,0.02,0.66,0.103579
0.06,0.0,0.1,0.16,0.68,0.061131
0.16,0.0,0.02,0.14,0.68,0.068737
0.06,0.0,0.14,0.12,0.68,0.054887
0.18,0.0,0.04,0.1,0.68,0.073131
0.14,0.0,0.14,0.04,0.68,0.085341
0.04,0.0,0.06,0.2,0.7,0.049987
0.14,0.0,0.02,0.14,0.7,0.07168
0.1,0.0,0.14,0.06,0.7,0.074565
0.1,0.0,0.16,0.04,0.7,0.083145
0.1,0.0,0.1,0.08,0.72,0.070861
0.1,0.0,0.14,0.04,0.72,0.075189
0.2,0.0,0.04,0.04,0.72,0.102662
0.08,0.0,0.18,0.02,0.72,0.087799
0.12,0.0,0.02,0.12,0.74,0.067066
0.14,0.0,0.02,0.1,0.74,0.071003
0.14,0.0,0.06,0.06,0.74,0.080464
0.02,0.0,0.02,0.2,0.76,0.042893
0.1,0.0,0.1,0.04,0.76,0.071085
0.08,0.0,0.12,0.04,0.76,0.069999
0.02,0.0,0.1,0.06,0.82,0.048386
0.06,0.0,0.04,0.06,0.84,0.061204
0.02,0.0,0.08,0.06,0.84,0.037387
0.0,1.0,0.0,0.0,0.0,0.189175
0.0,0.0,1.0,0.0,0.0,0.681275
0.0,0.0,0.0,0.0,1.0,0.02218
0.0,0.9,0.1,0.0,0.0,0.180514
0.0,0.8,0.2,0.0,0.0,0.201372
0.0,0.7,0.3,0.0,0.0,0.186305
0.0,0.6,0.4,0.0,0.0,0.202152
0.0,0.5,0.5,0.0,0.0,0.214894
0.0,0.4,0.6,0.0,0.0,0.164924
0.0,0.3,0.7,0.0,0.0,0.204682
0.0,0.2,0.8,0.0,0.0,0.234454
0.0,0.1,0.9,0.0,0.0,0.211073
0.0,0.9,0.0,0.1,0.0,0.109765
0.0,0.8,0.0,0.2,0.0,0.090533
0.0,0.7,0.0,0.3,0.0,0.071424
0.0,0.6,0.0,0.4,0.0,0.067311
0.0,0.5,0.0,0.5,0.0,0.061573
0.0,0.4,0.0,0.6,0.0,0.051915
0.0,0.3,0.0,0.7,0.0,0.045523
0.0,0.2,0.0,0.8,0.0,0.025747
0.0,0.1,0.0,0.9,0.0,0.004447
0.0,0.1,0.0,0.0,0.9,0.051793
0.0,0.2,0.0,0.0,0.8,0.100056
0.0,0.3,0.0,0.0,0.7,0.117489
0.0,0.4,0.0,0.0,0.6,0.131137
0.0,0.5,0.0,0.0,0.5,0.134851
0.0,0.6,0.0,0.0,0.4,0.169244
0.0,0.7,0.0,0.0,0.3,0.166202
0.0,0.8,0.0,0.0,0.2,0.184431
0.0,0.9,0.0,0.0,0.1,0.197478
0.0,0.0,0.9,0.1,0.0,0.531851
0.0,0.0,0.8,0.2,0.0,0.527141
0.0,0.0,0.7,0.3,0.0,0.582174
0.0,0.0,0.6,0.4,0.0,0.597646
0.0,0.0,0.5,0.5,0.0,0.464694
0.0,0.0,0.4,0.6,0.0,0.43698
0.0,0.0,0.3,0.7,0.0,0.255987
0.0,0.0,0.2,0.8,0.0,0.222103
0.0,0.0,0.1,0.9,0.0,0.049594
0.0,0.0,0.9,0.0,0.1,0.586831
0.0,0.0,0.8,0.0,0.2,0.502601
0.0,0.0,0.7,0.0,0.3,0.441349
0.0,0.0,0.6,0.0,0.4,0.330388
0.0,0.0,0.5,0.0,0.5,0.354903
0.0,0.0,0.4,0.0,0.6,0.216416
0.0,0.0,0.3,0.0,0.7,0.151507
0.0,0.0,0.2,0.0,0.8,0.145021
0.0,0.0,0.1,0.0,0.9,0.086007
0.0,0.0,0.0,0.9,0.1,0.086933
0.0,0.0,0.0,0.8,0.2,0.115619
0.0,0.0,0.0,0.7,0.3,0.275215
0.0,0.0,0.0,0.6,0.4,0.326025
0.0,0.0,0.0,0.5,0.5,0.74307
0.0,0.0,0.0,0.4,0.6,0.689383
0.0,0.0,0.0,0.3,0.7,0.633212
0.0,0.0,0.0,0.2,0.8,0.025779
0.0,0.0,0.0,0.1,0.9,0.010534
0.0,0.8,0.1,0.1,0.0,0.101964
0.0,0.7,0.2,0.1,0.0,0.115779
0.0,0.6,0.3,0.1,0.0,0.1023
0.0,0.5,0.4,0.1,0.0,0.092373
0.0,0.4,0.5,0.1,0.0,0.088239
0.0,0.3,0.6,0.1,0.0,0.084235
0.0,0.2,0.7,0.1,0.0,0.119335
0.0,0.1,0.8,0.1,0.0,0.12388
0.0,0.7,0.1,0.2,0.0,0.080538
0.0,0.6,0.2,0.2,0.0,0.102255
0.0,0.5,0.3,0.2,0.0,0.074534
0.0,0.4,0.4,0.2,0.0,0.073944
0.0,0.3,0.5,0.2,0.0,0.065581
0.0,0.2,0.6,0.2,0.0,0.088325
0.0,0.1,0.7,0.2,0.0,0.119969
0.0,0.6,0.1,0.3,0.0,0.075423
0.0,0.5,0.2,0.3,0.0,0.070981
0.0,0.4,0.3,0.3,0.0,0.065684
0.0,0.3,0.4,0.3,0.0,0.061727
0.0,0.2,0.5,0.3,0.0,0.06393
0.0,0.1,0.6,0.3,0.0,0.116546
0.0,0.5,0.1,0.4,0.0,0.067884
0.0,0.4,0.2,0.4,0.0,0.078908
0.0,0.3,0.3,0.4,0.0,0.059745
0.0,0.2,0.4,0.4,0.0,0.069897
0.0,0.1,0.5,0.4,0.0,0.110226
0.0,0.4,0.1,0.5,0.0,0.069772
0.0,0.3,0.2,0.5,0.0,0.063387
0.0,0.2,0.3,0.5,0.0,0.065396
0.0,0.1,0.4,0.5,0.0,0.095255
0.0,0.3,0.1,0.6,0.0,0.072412
0.0,0.2,0.2,0.6,0.0,0.070891
0.0,0.1,0.3,0.6,0.0,0.086084
0.0,0.2,0.1,0.7,0.0,0.066476
0.0,0.1,0.2,0.7,0.0,0.106081
0.0,0.1,0.1,0.8,0.0,0.063864
0.0,0.1,0.1,0.0,0.8,0.080906
0.0,0.2,0.1,0.0,0.7,0.121146
0.0,0.3,0.1,0.0,0.6,0.121559
0.0,0.4,0.1,0.0,0.5,0.144566
0.0,0.5,0.1,0.0,0.4,0.151321
0.0,0.6,0.1,0.0,0.3,0.143101
0.0,0.7,0.1,0.0,0.2,0.177491
0.0,0.8,0.1,0.0,0.1,0.189678
0.0,0.1,0.2,0.0,0.7,0.10913
0.0,0.2,0.2,0.0,0.6,0.142771
0.0,0.3,0.2,0.0,0.5,0.368146
0.0,0.4,0.2,0.0,0.4,0.354628
0.0,0.5,0.2,0.0,0.3,0.32728
0.0,0.6,0.2,0.0,0.2,0.168417
0.0,0.7,0.2,0.0,0.1,0.167858
0.0,0.1,0.3,0.0,0.6,0.100755
0.0,0.2,0.3,0.0,0.5,0.126072
0.0,0.3,0.3,0.0,0.4,0.128541
0.0,0.4,0.3,0.0,0.3,0.15203
0.0,0.5,0.3,0.0,0.2,0.158939
0.0,0.6,0.3,0.0,0.1,0.179298
0.0,0.1,0.4,0.0,0.5,0.140372
0.0,0.2,0.4,0.0,0.4,0.230801
0.0,0.3,0.4,0.0,0.3,0.182442
0.0,0.4,0.4,0.0,0.2,0.219203
0.0,0.5,0.4,0.0,0.1,0.185682
0.0,0.1,0.5,0.0,0.4,0.144658
0.0,0.2,0.5,0.0,0.3,0.145483
0.0,0.3,0.5,0.0,0.2,0.158347
0.0,0.4,0.5,0.0,0.1,0.18092
0.0,0.1,0.6,0.0,0.3,0.182818
0.0,0.2,0.6,0.0,0.2,0.185142
0.0,0.3,0.6,0.0,0.1,0.20597
0.0,0.1,0.7,0.0,0.2,0.237599
0.0,0.2,0.7,0.0,0.1,0.212211
0.0,0.1,0.8,0.0,0.1,0.250403
0.0,0.1,0.0,0.8,0.1,0.218516
0.0,0.1,0.0,0.7,0.2,0.239941
0.0,0.1,0.0,0.6,0.3,0.345865
0.0,0.1,0.0,0.5,0.4,0.456698
0.0,0.1,0.0,0.4,0.5,0.564119
0.0,0.1,0.0,0.3,0.6,0.184851
0.0,0.1,0.0,0.2,0.7,0.060224
0.0,0.1,0.0,0.1,0.8,0.046472
0.0,0.2,0.0,0.7,0.1,0.188072
0.0,0.2,0.0,0.6,0.2,0.243428
0.0,0.2,0.0,0.5,0.3,0.345906
0.0,0.2,0.0,0.4,0.4,0.454378
0.0,0.2,0.0,0.3,0.5,0.563347
0.0,0.2,0.0,0.2,0.6,0.264662
0.0,0.2,0.0,0.1,0.7,0.076597
0.0,0.3,0.0,0.6,0.1,0.230852
0.0,0.3,0.0,0.5,0.2,0.224388
0.0,0.3,0.0,0.4,0.3,0.334962
0.0,0.3,0.0,0.3,0.4,0.346114
0.0,0.3,0.0,0.2,0.5,0.058444
0.0,0.3,0.0,0.1,0.6,0.058279
0.0,0.4,0.0,0.5,0.1,0.279056
0.0,0.4,0.0,0.4,0.2,0.246743
0.0,0.4,0.0,0.3,0.3,0.324943
0.0,0.4,0.0,0.2,0.4,0.112505
0.0,0.4,0.0,0.1,0.5,0.059416
0.0,0.5,0.0,0.4,0.1,0.199084
0.0,0.5,0.0,0.3,0.2,0.244193
0.0,0.5,0.0,0.2,0.3,0.320617
0.0,0.5,0.0,0.1,0.4,0.106389
0.0,0.6,0.0,0.3,0.1,0.112911
0.0,0.6,0.0,0.2,0.2,0.238146
0.0,0.6,0.0,0.1,0.3,0.108
0.0,0.7,0.0,0.2,0.1,0.155763
0.0,0.7,0.0,0.1,0.2,0.07494
0.0,0.8,0.0,0.1,0.1,0.164465
0.0,0.0,0.8,0.1,0.1,0.486418
0.0,0.0,0.7,0.2,0.1,0.374902
0.0,0.0,0.6,0.3,0.1,0.524
0.0,0.0,0.5,0.4,0.1,0.447257
0.0,0.0,0.4,0.5,0.1,0.409926
0.0,0.0,0.3,0.6,0.1,0.309183
0.0,0.0,0.2,0.7,0.1,0.200924
0.0,0.0,0.1,0.8,0.1,0.121615
0.0,0.0,0.7,0.1,0.2,0.302833
0.0,0.0,0.6,0.2,0.2,0.557952
0.0,0.0,0.5,0.3,0.2,0.320802
0.0,0.0,0.4,0.4,0.2,0.439398
0.0,0.0,0.3,0.5,0.2,0.343647
0.0,0.0,0.2,0.6,0.2,0.266359
0.0,0.0,0.1,0.7,0.2,0.188171
0.0,0.0,0.6,0.1,0.3,0.249866
0.0,0.0,0.5,0.2,0.3,0.331488
0.0,0.0,0.4,0.3,0.3,0.384022
0.0,0.0,0.3,0.4,0.3,0.364412
0.0,0.0,0.2,0.5,0.3,0.319163
0.0,0.0,0.1,0.6,0.3,0.281538
0.0,0.0,0.5,0.1,0.4,0.268048
0.0,0.0,0.4,0.2,0.4,0.299123
0.0,0.0,0.3,0.3,0.4,0.437062
0.0,0.0,0.2,0.4,0.4,0.396774
0.0,0.0,0.1,0.5,0.4,0.387484
0.0,0.0,0.4,0.1,0.5,0.158415
0.0,0.0,0.3,0.2,0.5,0.112272
0.0,0.0,0.2,0.3,0.5,0.449561
0.0,0.0,0.1,0.4,0.5,0.473045
0.0,0.0,0.3,0.1,0.6,0.098867
0.0,0.0,0.2,0.2,0.6,0.078667
0.0,0.0,0.1,0.3,0.6,0.564932
0.0,0.0,0.2,0.1,0.7,0.128056
0.0,0.0,0.1,0.2,0.7,0.059136
0.0,0.0,0.1,0.1,0.8,0.044785
0.0,0.06,0.08,0.84,0.02,0.069542
0.0,0.1,0.04,0.84,0.02,0.063046
0.0,0.04,0.16,0.78,0.02,0.053864
0.0,0.02,0.24,0.72,0.02,0.105352
0.0,0.24,0.04,0.7,0.02,0.058425
0.0,0.06,0.22,0.7,0.02,0.090811
0.0,0.18,0.18,0.62,0.02,0.072209
0.0,0.1,0.26,0.62,0.02,0.085571
0.0,0.16,0.2,0.62,0.02,0.063401
0.0,0.08,0.3,0.6,0.02,0.107095
0.0,0.08,0.3,0.6,0.02,0.092746
0.0,0.16,0.26,0.56,0.02,0.109594
0.0,0.06,0.36,0.56,0.02,0.107075
0.0,0.14,0.3,0.54,0.02,0.096108
0.0,0.04,0.44,0.5,0.02,0.175189
0.0,0.46,0.04,0.48,0.02,0.083811
0.0,0.02,0.5,0.46,0.02,0.088361
0.0,0.1,0.42,0.46,0.02,0.06964
0.0,0.44,0.1,0.44,0.02,0.091744
0.0,0.48,0.08,0.42,0.02,0.083157
0.0,0.52,0.04,0.42,0.02,0.095971
0.0,0.3,0.26,0.42,0.02,0.098535
0.0,0.2,0.38,0.4,0.02,0.093026
0.0,0.5,0.08,0.4,0.02,0.092318
0.0,0.42,0.18,0.38,0.02,0.113188
0.0,0.4,0.2,0.38,0.02,0.090618
0.0,0.08,0.54,0.36,0.02,0.129885
0.0,0.6,0.02,0.36,0.02,0.109428
0.0,0.36,0.3,0.32,0.02,0.083206
0.0,0.48,0.2,0.3,0.02,0.092676
0.0,0.5,0.18,0.3,0.02,0.102767
0.0,0.38,0.3,0.3,0.02,0.092345
0.0,0.06,0.62,0.3,0.02,0.174027
0.0,0.52,0.16,0.3,0.02,0.090824
0.0,0.46,0.26,0.26,0.02,0.09896
0.0,0.26,0.46,0.26,0.02,0.079862
0.0,0.54,0.2,0.24,0.02,0.101427
0.0,0.62,0.14,0.22,0.02,0.131666
0.0,0.4,0.38,0.2,0.02,0.116864
0.0,0.58,0.22,0.18,0.02,0.189724
0.0,0.04,0.76,0.18,0.02,0.137573
0.0,0.48,0.32,0.18,0.02,0.11294
0.0,0.26,0.56,0.16,0.02,0.091816
0.0,0.24,0.58,0.16,0.02,0.099697
0.0,0.68,0.14,0.16,0.02,0.136211
0.0,0.1,0.72,0.16,0.02,0.142779
0.0,0.02,0.82,0.14,0.02,0.28789
0.0,0.36,0.48,0.14,0.02,0.102515
0.0,0.74,0.12,0.12,0.02,0.154937
0.0,0.32,0.54,0.12,0.02,0.103578
0.0,0.4,0.5,0.08,0.02,0.139424
0.0,0.78,0.12,0.08,0.02,0.234133
0.0,0.28,0.62,0.08,0.02,0.123763
0.0,0.5,0.44,0.04,0.02,0.159459
0.0,0.76,0.18,0.04,0.02,0.25673
0.0,0.34,0.62,0.02,0.02,0.191462
0.0,0.2,0.76,0.02,0.02,0.181456
0.0,0.06,0.06,0.84,0.04,0.076811
0.0,0.04,0.08,0.84,0.04,0.088802
0.0,0.08,0.1,0.78,0.04,0.096567
0.0,0.06,0.2,0.7,0.04,0.083429
0.0,0.02,0.24,0.7,0.04,0.12966
0.0,0.08,0.2,0.68,0.04,0.100391
0.0,0.32,0.04,0.6,0.04,0.110401
0.0,0.26,0.14,0.56,0.04,0.112231
0.0,0.12,0.28,0.56,0.04,0.096122
0.0,0.2,0.22,0.54,0.04,0.092929
0.0,0.4,0.06,0.5,0.04,0.106473
0.0,0.42,0.06,0.48,0.04,0.103448
0.0,0.4,0.1,0.46,0.04,0.105501
0.0,0.36,0.14,0.46,0.04,0.100766
0.0,0.3,0.22,0.44,0.04,0.099587
0.0,0.48,0.06,0.42,0.04,0.122715
0.0,0.1,0.44,0.42,0.04,0.110157
0.0,0.4,0.2,0.36,0.04,0.117354
0.0,0.32,0.28,0.36,0.04,0.087879
0.0,0.36,0.24,0.36,0.04,0.087656
0.0,0.26,0.36,0.34,0.04,0.081643
0.0,0.56,0.06,0.34,0.04,0.109036
0.0,0.14,0.48,0.34,0.04,0.082522
0.0,0.56,0.06,0.34,0.04,0.11347
0.0,0.62,0.04,0.3,0.04,0.115922
0.0,0.22,0.46,0.28,0.04,0.084004
0.0,0.26,0.42,0.28,0.04,0.096947
0.0,0.36,0.32,0.28,0.04,0.101253
0.0,0.02,0.68,0.26,0.04,0.311937
0.0,0.2,0.54,0.22,0.04,0.092131
0.0,0.22,0.52,0.22,0.04,0.084686
0.0,0.1,0.66,0.2,0.04,0.10146
0.0,0.62,0.14,0.2,0.04,0.122475
0.0,0.46,0.32,0.18,0.04,0.104846
0.0,0.66,0.14,0.16,0.04,0.129298
0.0,0.68,0.12,0.16,0.04,0.129456
0.0,0.7,0.1,0.16,0.04,0.128164
0.0,0.48,0.34,0.14,0.04,0.127466
0.0,0.04,0.8,0.12,0.04,0.143807
0.0,0.8,0.06,0.1,0.04,0.186797
0.0,0.7,0.16,0.1,0.04,0.158341
0.0,0.1,0.78,0.08,0.04,0.142568
0.0,0.2,0.68,0.08,0.04,0.120734
0.0,0.42,0.48,0.06,0.04,0.152112
0.0,0.04,0.86,0.06,0.04,0.1317
0.0,0.18,0.72,0.06,0.04,0.13335
0.0,0.76,0.16,0.04,0.04,0.198891
0.0,0.06,0.86,0.04,0.04,0.198909
0.0,0.42,0.5,0.04,0.04,0.170904
0.0,0.04,0.88,0.04,0.04,0.191487
0.0,0.6,0.32,0.04,0.04,0.182778
0.0,0.46,0.48,0.02,0.04,0.179085
0.0,0.08,0.12,0.74,0.06,0.117766
0.0,0.18,0.04,0.72,0.06,0.119892
0.0,0.08,0.18,0.68,0.06,0.103201
0.0,0.12,0.16,0.66,0.06,0.10164
0.0,0.08,0.24,0.62,0.06,0.09887
0.0,0.1,0.28,0.56,0.06,0.094661
0.0,0.34,0.08,0.52,0.06,0.117443
0.0,0.1,0.36,0.48,0.06,0.102712
0.0,0.24,0.22,0.48,0.06,0.110329
0.0,0.1,0.42,0.42,0.06,0.103368
0.0,0.16,0.38,0.4,0.06,0.078546
0.0,0.5,0.04,0.4,0.06,0.10538
0.0,0.1,0.48,0.36,0.06,0.084057
0.0,0.32,0.26,0.36,0.06,0.090282
0.0,0.08,0.54,0.32,0.06,0.103161
0.0,0.4,0.24,0.3,0.06,0.087704
0.0,0.3,0.34,0.3,0.06,0.079587
0.0,0.28,0.4,0.26,0.06,0.077425
0.0,0.12,0.58,0.24,0.06,0.092932
0.0,0.34,0.4,0.2,0.06,0.085792
0.0,0.34,0.46,0.14,0.06,0.09976
0.0,0.4,0.42,0.12,0.06,0.10652
0.0,0.34,0.48,0.12,0.06,0.107336
0.0,0.54,0.28,0.12,0.06,0.14463
0.0,0.26,0.56,0.12,0.06,0.103088
0.0,0.74,0.08,0.12,0.06,0.178674
0.0,0.38,0.46,0.1,0.06,0.175723
0.0,0.8,0.04,0.1,0.06,0.178603
0.0,0.24,0.6,0.1,0.06,0.10793
0.0,0.68,0.18,0.08,0.06,0.163742
0.0,0.82,0.04,0.08,0.06,0.20905
0.0,0.04,0.82,0.08,0.06,0.142963
0.0,0.62,0.24,0.08,0.06,0.152401
0.0,0.12,0.76,0.06,0.06,0.12003
0.0,0.84,0.04,0.06,0.06,0.225948
0.0,0.12,0.76,0.06,0.06,0.124629
0.0,0.24,0.66,0.04,0.06,0.141102
0.0,0.62,0.28,0.04,0.06,0.176629
0.0,0.12,0.06,0.74,0.08,0.157941
0.0,0.04,0.16,0.72,0.08,0.103659
0.0,0.06,0.16,0.7,0.08,0.139431
0.0,0.14,0.12,0.66,0.08,0.130401
0.0,0.04,0.24,0.64,0.08,0.111738
0.0,0.08,0.22,0.62,0.08,0.103576
0.0,0.02,0.3,0.6,0.08,0.156975
0.0,0.04,0.28,0.6,0.08,0.146311
0.0,0.16,0.16,0.6,0.08,0.123909
0.0,0.1,0.24,0.58,0.08,0.098371
0.0,0.1,0.24,0.58,0.08,0.105266
0.0,0.28,0.08,0.56,0.08,0.150878
0.0,0.2,0.18,0.54,0.08,0.120097
0.0,0.36,0.08,0.48,0.08,0.12499
0.0,0.26,0.22,0.44,0.08,0.113668
0.0,0.44,0.04,0.44,0.08,0.132977
0.0,0.42,0.06,0.44,0.08,0.133308
0.0,0.36,0.14,0.42,0.08,0.113931
0.0,0.54,0.02,0.36,0.08,0.146254
0.0,0.3,0.26,0.36,0.08,0.091185
0.0,0.54,0.06,0.32,0.08,0.126702
0.0,0.32,0.3,0.3,0.08,0.120931
0.0,0.24,0.4,0.28,0.08,0.087559
0.0,0.04,0.6,0.28,0.08,0.158538
0.0,0.3,0.34,0.28,0.08,0.117295
0.0,0.5,0.16,0.26,0.08,0.112613
0.0,0.28,0.38,0.26,0.08,0.102734
0.0,0.14,0.52,0.26,0.08,0.095854
0.0,0.48,0.2,0.24,0.08,0.133104
0.0,0.18,0.5,0.24,0.08,0.078105
0.0,0.58,0.12,0.22,0.08,0.14071
0.0,0.66,0.04,0.22,0.08,0.133267
0.0,0.32,0.38,0.22,0.08,0.10114
0.0,0.56,0.14,0.22,0.08,0.153271
0.0,0.18,0.52,0.22,0.08,0.084286
0.0,0.22,0.5,0.2,0.08,0.082215
0.0,0.4,0.32,0.2,0.08,0.112747
0.0,0.3,0.42,0.2,0.08,0.09839
0.0,0.22,0.5,0.2,0.08,0.08907
0.0,0.2,0.54,0.18,0.08,0.088995
0.0,0.62,0.14,0.16,0.08,0.151758
0.0,0.42,0.36,0.14,0.08,0.114005
0.0,0.42,0.36,0.14,0.08,0.112937
0.0,0.48,0.3,0.14,0.08,0.118835
0.0,0.58,0.2,0.14,0.08,0.127609
0.0,0.12,0.68,0.12,0.08,0.11146
0.0,0.56,0.28,0.08,0.08,0.14428
0.0,0.32,0.52,0.08,0.08,0.111564
0.0,0.22,0.62,0.08,0.08,0.158881
0.0,0.36,0.5,0.06,0.08,0.129378
0.0,0.02,0.12,0.76,0.1,0.113975
0.0,0.1,0.06,0.74,0.1,0.136521
0.0,0.06,0.12,0.72,0.1,0.114779
0.0,0.08,0.16,0.66,0.1,0.139859
0.0,0.04,0.2,0.66,0.1,0.124125
0.0,0.04,0.24,0.62,0.1,0.14299
0.0,0.16,0.16,0.58,0.1,0.152967
0.0,0.2,0.14,0.56,0.1,0.126009
0.0,0.22,0.12,0.56,0.1,0.171885
0.0,0.26,0.1,0.54,0.1,0.130432
0.0,0.1,0.32,0.48,0.1,0.112191
0.0,0.12,0.32,0.46,0.1,0.101619
0.0,0.28,0.16,0.46,0.1,0.136009
0.0,0.2,0.24,0.46,0.1,0.118295
0.0,0.02,0.44,0.44,0.1,0.241637
0.0,0.26,0.26,0.38,0.1,0.108058
0.0,0.32,0.24,0.34,0.1,0.1416
0.0,0.24,0.32,0.34,0.1,0.136776
0.0,0.24,0.34,0.32,0.1,0.151699
0.0,0.28,0.32,0.3,0.1,0.15223
0.0,0.26,0.34,0.3,0.1,0.142349
0.0,0.52,0.14,0.24,0.1,0.169515
0.0,0.38,0.32,0.2,0.1,0.143723
0.0,0.62,0.08,0.2,0.1,0.183809
0.0,0.38,0.34,0.18,0.1,0.161631
0.0,0.04,0.68,0.18,0.1,0.198746
0.0,0.34,0.42,0.14,0.1,0.161746
0.0,0.12,0.64,0.14,0.1,0.144528
0.0,0.56,0.28,0.06,0.1,0.237619
0.0,0.82,0.02,0.06,0.1,0.198751
0.0,0.5,0.38,0.02,0.1,0.29264
0.0,0.02,0.14,0.72,0.12,0.17398
0.0,0.12,0.1,0.66,0.12,0.200204
0.0,0.18,0.04,0.66,0.12,0.199133
0.0,0.06,0.22,0.6,0.12,0.194455
0.0,0.18,0.1,0.6,0.12,0.202264
0.0,0.02,0.26,0.6,0.12,0.203628
0.0,0.22,0.1,0.56,0.12,0.232193
0.0,0.3,0.06,0.52,0.12,0.210956
0.0,0.18,0.18,0.52,0.12,0.183297
0.0,0.1,0.34,0.44,0.12,0.140135
0.0,0.16,0.3,0.42,0.12,0.162762
0.0,0.44,0.02,0.42,0.12,0.161576
0.0,0.24,0.26,0.38,0.12,0.171984
0.0,0.48,0.02,0.38,0.12,0.212028
0.0,0.36,0.16,0.36,0.12,0.188341
0.0,0.04,0.48,0.36,0.12,0.174873
0.0,0.16,0.42,0.3,0.12,0.120577
0.0,0.56,0.04,0.28,0.12,0.212064
0.0,0.06,0.54,0.28,0.12,0.135744
0.0,0.34,0.28,0.26,0.12,0.163476
0.0,0.04,0.6,0.24,0.12,0.145105
0.0,0.48,0.18,0.22,0.12,0.184499
0.0,0.18,0.48,0.22,0.12,0.127678
0.0,0.24,0.44,0.2,0.12,0.140799
0.0,0.24,0.44,0.2,0.12,0.155206
0.0,0.52,0.2,0.16,0.12,0.20809
0.0,0.32,0.4,0.16,0.12,0.155969
0.0,0.54,0.2,0.14,0.12,0.217898
0.0,0.5,0.24,0.14,0.12,0.214868
0.0,0.22,0.52,0.14,0.12,0.133165
0.0,0.34,0.4,0.14,0.12,0.156738
0.0,0.24,0.52,0.12,0.12,0.143701
0.0,0.52,0.26,0.1,0.12,0.221927
0.0,0.06,0.72,0.1,0.12,0.175454
0.0,0.34,0.46,0.08,0.12,0.163584
0.0,0.68,0.12,0.08,0.12,0.220991
0.0,0.74,0.06,0.08,0.12,0.290196
0.0,0.16,0.64,0.08,0.12,0.159013
0.0,0.58,0.22,0.08,0.12,0.227029
0.0,0.58,0.22,0.08,0.12,0.243444
0.0,0.16,0.66,0.06,0.12,0.175221
0.0,0.04,0.8,0.04,0.12,0.238409
0.0,0.34,0.52,0.02,0.12,0.243357
0.0,0.02,0.1,0.74,0.14,0.188954
0.0,0.06,0.14,0.66,0.14,0.191009
0.0,0.06,0.16,0.64,0.14,0.189899
0.0,0.2,0.12,0.54,0.14,0.200126
0.0,0.2,0.12,0.54,0.14,0.221471
0.0,0.2,0.12,0.54,0.14,0.224289
0.0,0.26,0.1,0.5,0.14,0.229444
0.0,0.02,0.36,0.48,0.14,0.234773
0.0,0.08,0.34,0.44,0.14,0.149767
0.0,0.28,0.16,0.42,0.14,0.204911
0.0,0.16,0.3,0.4,0.14,0.185871
0.0,0.3,0.16,0.4,0.14,0.204504
0.0,0.14,0.38,0.34,0.14,0.13173
0.0,0.04,0.48,0.34,0.14,0.194868
0.0,0.22,0.32,0.32,0.14,0.177693
0.0,0.5,0.06,0.3,0.14,0.203151
0.0,0.04,0.54,0.28,0.14,0.167551
0.0,0.28,0.34,0.24,0.14,0.166168
0.0,0.42,0.24,0.2,0.14,0.189511
0.0,0.08,0.58,0.2,0.14,0.143017
0.0,0.24,0.44,0.18,0.14,0.149241
0.0,0.2,0.48,0.18,0.14,0.127239
0.0,0.62,0.06,0.18,0.14,0.231601
0.0,0.66,0.02,0.18,0.14,0.247196
0.0,0.42,0.28,0.16,0.14,0.215655
0.0,0.56,0.14,0.16,0.14,0.225043
0.0,0.06,0.64,0.16,0.14,0.15808
0.0,0.26,0.46,0.14,0.14,0.135622
0.0,0.7,0.04,0.12,0.14,0.260709
0.0,0.6,0.14,0.12,0.14,0.225178
0.0,0.06,0.7,0.1,0.14,0.162411
0.0,0.26,0.52,0.08,0.14,0.147591
0.0,0.6,0.18,0.08,0.14,0.240573
0.0,0.7,0.1,0.06,0.14,0.241684
0.0,0.32,0.48,0.06,0.14,0.192759
0.0,0.48,0.34,0.04,0.14,0.201251
0.0,0.04,0.02,0.78,0.16,0.166938
0.0,0.18,0.04,0.62,0.16,0.191031
0.0,0.22,0.08,0.54,0.16,0.193611
0.0,0.22,0.12,0.5,0.16,0.183703
0.0,0.22,0.18,0.44,0.16,0.158595
0.0,0.22,0.28,0.34,0.16,0.136879
0.0,0.4,0.1,0.34,0.16,0.151841
0.0,0.08,0.46,0.3,0.16,0.167897
0.0,0.44,0.12,0.28,0.16,0.13296
0.0,0.18,0.38,0.28,0.16,0.090764
0.0,0.18,0.4,0.26,0.16,0.089914
0.0,0.2,0.38,0.26,0.16,0.090755
0.0,0.42,0.18,0.24,0.16,0.121608
0.0,0.04,0.58,0.22,0.16,0.325242
0.0,0.04,0.6,0.2,0.16,0.316925
0.0,0.48,0.18,0.18,0.16,0.131223
0.0,0.48,0.18,0.18,0.16,0.165201
0.0,0.06,0.62,0.16,0.16,0.189755
0.0,0.08,0.62,0.14,0.16,0.18271
0.0,0.56,0.16,0.12,0.16,0.181544
0.0,0.44,0.28,0.12,0.16,0.172946
0.0,0.24,0.48,0.12,0.16,0.133172
0.0,0.46,0.26,0.12,0.16,0.104097
0.0,0.38,0.34,0.12,0.16,0.115562
0.0,0.22,0.5,0.12,0.16,0.101467
0.0,0.42,0.32,0.1,0.16,0.11865
0.0,0.58,0.18,0.08,0.16,0.128458
0.0,0.32,0.44,0.08,0.16,0.098496
0.0,0.72,0.06,0.06,0.16,0.133831
0.0,0.6,0.2,0.04,0.16,0.140492
0.0,0.76,0.06,0.02,0.16,0.177015
0.0,0.08,0.02,0.72,0.18,0.185759
0.0,0.1,0.06,0.66,0.18,0.201375
0.0,0.12,0.08,0.62,0.18,0.220649
0.0,0.06,0.2,0.56,0.18,0.173039
0.0,0.2,0.06,0.56,0.18,0.214946
0.0,0.06,0.22,0.54,0.18,0.18463
0.0,0.14,0.22,0.46,0.18,0.184646
0.0,0.12,0.24,0.46,0.18,0.187913
0.0,0.28,0.1,0.44,0.18,0.179392
0.0,0.36,0.1,0.36,0.18,0.192175
0.0,0.42,0.06,0.34,0.18,0.198712
0.0,0.34,0.14,0.34,0.18,0.184445
0.0,0.08,0.44,0.3,0.18,0.153893
0.0,0.48,0.1,0.24,0.18,0.197051
0.0,0.36,0.22,0.24,0.18,0.147
0.0,0.24,0.36,0.22,0.18,0.122124
0.0,0.34,0.26,0.22,0.18,0.140969
0.0,0.48,0.12,0.22,0.18,0.18608
0.0,0.58,0.04,0.2,0.18,0.208625
0.0,0.1,0.52,0.2,0.18,0.14498
0.0,0.28,0.36,0.18,0.18,0.104232
0.0,0.28,0.38,0.16,0.18,0.105415
0.0,0.64,0.04,0.14,0.18,0.228597
0.0,0.64,0.04,0.14,0.18,0.191509
0.0,0.16,0.54,0.12,0.18,0.121878
0.0,0.56,0.16,0.1,0.18,0.160256
0.0,0.16,0.6,0.06,0.18,0.129864
0.0,0.42,0.34,0.06,0.18,0.110149
0.0,0.12,0.68,0.02,0.18,0.161746
0.0,0.7,0.1,0.02,0.18,0.160322
0.0,0.06,0.02,0.72,0.2,0.205624
0.0,0.02,0.1,0.68,0.2,0.21077
0.0,0.14,0.02,0.64,0.2,0.213656
0.0,0.1,0.1,0.6,0.2,0.21359
0.0,0.04,0.18,0.58,0.2,0.194525
0.0,0.02,0.2,0.58,0.2,0.231993
0.0,0.18,0.06,0.56,0.2,0.231893
0.0,0.1,0.14,0.56,0.2,0.218615
0.0,0.22,0.04,0.54,0.2,0.222634
0.0,0.28,0.04,0.48,0.2,0.22075
0.0,0.24,0.08,0.48,0.2,0.234655
0.0,0.02,0.32,0.46,0.2,0.282926
0.0,0.2,0.14,0.46,0.2,0.205188
0.0,0.02,0.38,0.4,0.2,0.337695
0.0,0.28,0.12,0.4,0.2,0.174225
0.0,0.36,0.04,0.4,0.2,0.238786
0.0,0.02,0.4,0.38,0.2,0.333056
0.0,0.02,0.44,0.34,0.2,0.362342
0.0,0.04,0.42,0.34,0.2,0.248137
0.0,0.26,0.2,0.34,0.2,0.172341
0.0,0.22,0.3,0.28,0.2,0.167646
0.0,0.32,0.2,0.28,0.2,0.187225
0.0,0.08,0.46,0.26,0.2,0.155483
0.0,0.22,0.34,0.24,0.2,0.126096
0.0,0.42,0.14,0.24,0.2,0.19159
0.0,0.5,0.08,0.22,0.2,0.188969
0.0,0.28,0.32,0.2,0.2,0.150767
0.0,0.4,0.2,0.2,0.2,0.178307
0.0,0.14,0.46,0.2,0.2,0.121539
0.0,0.38,0.22,0.2,0.2,0.169463
0.0,0.1,0.52,0.18,0.2,0.13775
0.0,0.08,0.54,0.18,0.2,0.149888
0.0,0.2,0.44,0.16,0.2,0.101192
0.0,0.44,0.22,0.14,0.2,0.153714
0.0,0.24,0.42,0.14,0.2,0.09724
0.0,0.16,0.5,0.14,0.2,0.113707
0.0,0.46,0.2,0.14,0.2,0.168237
0.0,0.54,0.14,0.12,0.2,0.173595
0.0,0.14,0.56,0.1,0.2,0.116128
0.0,0.3,0.4,0.1,0.2,0.361492
0.0,0.52,0.18,0.1,0.2,0.153506
0.0,0.1,0.62,0.08,0.2,0.175834
0.0,0.26,0.46,0.08,0.2,0.078531
0.0,0.04,0.72,0.04,0.2,0.359694
0.0,0.22,0.54,0.04,0.2,0.192215
0.0,0.02,0.76,0.02,0.2,0.396164
0.0,0.26,0.52,0.02,0.2,0.233661
0.0,0.08,0.06,0.64,0.22,0.26361
0.0,0.08,0.1,0.6,0.22,0.270488
0.0,0.16,0.04,0.58,0.22,0.278169
0.0,0.06,0.14,0.58,0.22,0.241916
0.0,0.24,0.1,0.44,0.22,0.402841
0.0,0.2,0.16,0.42,0.22,0.246068
0.0,0.24,0.16,0.38,0.22,0.228686
0.0,0.16,0.24,0.38,0.22,0.197392
0.0,0.02,0.4,0.36,0.22,0.44326
0.0,0.42,0.04,0.32,0.22,0.311279
0.0,0.36,0.12,0.3,0.22,0.299933
0.0,0.3,0.18,0.3,0.22,0.224208
0.0,0.36,0.12,0.3,0.22,0.184599
0.0,0.2,0.28,0.3,0.22,0.187987
0.0,0.18,0.34,0.26,0.22,0.151041
0.0,0.52,0.06,0.2,0.22,0.23006
0.0,0.02,0.6,0.16,0.22,0.518755
0.0,0.26,0.38,0.14,0.22,0.249575
0.0,0.3,0.34,0.14,0.22,0.07078
0.0,0.36,0.3,0.12,0.22,0.261058
0.0,0.4,0.26,0.12,0.22,0.202547
0.0,0.06,0.62,0.1,0.22,0.19384
0.0,0.56,0.16,0.06,0.22,0.122663
0.0,0.74,0.02,0.02,0.22,0.173813
0.0,0.02,0.12,0.62,0.24,0.266863
0.0,0.02,0.26,0.48,0.24,0.317726
0.0,0.26,0.02,0.48,0.24,0.328966
0.0,0.26,0.04,0.46,0.24,0.284425
0.0,0.06,0.26,0.44,0.24,0.360724
0.0,0.24,0.1,0.42,0.24,0.301235
0.0,0.26,0.12,0.38,0.24,0.342629
0.0,0.3,0.12,0.34,0.24,0.186861
0.0,0.32,0.12,0.32,0.24,0.200077
0.0,0.44,0.02,0.3,0.24,0.26748
0.0,0.46,0.02,0.28,0.24,0.333532
0.0,0.48,0.02,0.26,0.24,0.304412
0.0,0.32,0.18,0.26,0.24,0.224041
0.0,0.42,0.1,0.24,0.24,0.273091
0.0,0.4,0.12,0.24,0.24,0.229693
0.0,0.22,0.3,0.24,0.24,0.156956
0.0,0.4,0.12,0.24,0.24,0.321078
0.0,0.44,0.1,0.22,0.24,0.223456
0.0,0.2,0.34,0.22,0.24,0.115196
0.0,0.12,0.46,0.18,0.24,0.152589
0.0,0.52,0.06,0.18,0.24,0.19742
0.0,0.6,0.02,0.14,0.24,0.267762
0.0,0.26,0.36,0.14,0.24,0.114349
0.0,0.46,0.16,0.14,0.24,0.108082
0.0,0.24,0.38,0.14,0.24,0.045284
0.0,0.5,0.12,0.14,0.24,0.2403
0.0,0.54,0.1,0.12,0.24,0.217543
0.0,0.42,0.22,0.12,0.24,0.168412
0.0,0.46,0.2,0.1,0.24,0.211659
0.0,0.24,0.42,0.1,0.24,0.115439
0.0,0.16,0.52,0.08,0.24,0.039745
0.0,0.56,0.14,0.06,0.24,0.096226
0.0,0.42,0.32,0.02,0.24,0.142063
0.0,0.2,0.54,0.02,0.24,0.096972
0.0,0.1,0.02,0.62,0.26,0.304487
0.0,0.12,0.04,0.58,0.26,0.312433
0.0,0.1,0.18,0.46,0.26,0.211348
0.0,0.24,0.04,0.46,0.26,0.285427
0.0,0.16,0.14,0.44,0.26,0.256891
0.0,0.16,0.14,0.44,0.26,0.242655
0.0,0.3,0.02,0.42,0.26,0.497768
0.0,0.28,0.04,0.42,0.26,0.385391
0.0,0.2,0.14,0.4,0.26,0.364548
0.0,0.1,0.24,0.4,0.26,0.311584
0.0,0.32,0.02,0.4,0.26,0.336879
0.0,0.22,0.12,0.4,0.26,0.33008
0.0,0.08,0.28,0.38,0.26,0.288212
0.0,0.2,0.18,0.36,0.26,0.328179
0.0,0.3,0.08,0.36,0.26,0.381739
0.0,0.32,0.08,0.34,0.26,0.328519
0.0,0.26,0.14,0.34,0.26,0.34851
0.0,0.34,0.08,0.32,0.26,0.332721
0.0,0.32,0.12,0.3,0.26,0.439573
0.0,0.04,0.42,0.28,0.26,0.329199
0.0,0.08,0.38,0.28,0.26,0.135556
0.0,0.34,0.14,0.26,0.26,0.313479
0.0,0.34,0.16,0.24,0.26,0.382226
0.0,0.08,0.44,0.22,0.26,0.280694
0.0,0.16,0.38,0.2,0.26,0.348679
0.0,0.36,0.24,0.14,0.26,0.397894
0.0,0.4,0.2,0.14,0.26,0.401334
0.0,0.04,0.58,0.12,0.26,0.373118
0.0,0.24,0.4,0.1,0.26,0.332323
0.0,0.18,0.52,0.04,0.26,0.281354
0.0,0.28,0.44,0.02,0.26,0.176589
0.0,0.08,0.16,0.48,0.28,0.286606
0.0,0.16,0.08,0.48,0.28,0.329894
0.0,0.2,0.08,0.44,0.28,0.315348
0.0,0.06,0.24,0.42,0.28,0.23702
0.0,0.26,0.1,0.36,0.28,0.274292
0.0,0.1,0.28,0.34,0.28,0.16302
0.0,0.36,0.06,0.3,0.28,0.343626
0.0,0.14,0.3,0.28,0.28,0.168905
0.0,0.4,0.08,0.24,0.28,0.302583
0.0,0.14,0.36,0.22,0.28,0.162416
0.0,0.24,0.26,0.22,0.28,0.267059
0.0,0.26,0.26,0.2,0.28,0.206303
0.0,0.2,0.34,0.18,0.28,0.191163
0.0,0.04,0.52,0.16,0.28,0.1836
0.0,0.28,0.32,0.12,0.28,0.148432
0.0,0.34,0.26,0.12,0.28,0.143923
0.0,0.44,0.16,0.12,0.28,0.179409
0.0,0.12,0.48,0.12,0.28,0.126142
0.0,0.38,0.24,0.1,0.28,0.210036
0.0,0.36,0.28,0.08,0.28,0.155264
0.0,0.14,0.52,0.06,0.28,0.166411
0.0,0.2,0.48,0.04,0.28,0.178399
0.0,0.4,0.28,0.04,0.28,0.222739
0.0,0.54,0.16,0.02,0.28,0.209733
0.0,0.1,0.06,0.54,0.3,0.364466
0.0,0.04,0.2,0.46,0.3,0.247747
0.0,0.04,0.26,0.4,0.3,0.225242
0.0,0.1,0.24,0.36,0.3,0.249721
0.0,0.32,0.04,0.34,0.3,0.365839
0.0,0.1,0.28,0.32,0.3,0.185888
0.0,0.32,0.12,0.26,0.3,0.303169
0.0,0.22,0.24,0.24,0.3,0.243102
0.0,0.28,0.18,0.24,0.3,0.304201
0.0,0.36,0.16,0.18,0.3,0.304428
0.0,0.26,0.26,0.18,0.3,0.233321
0.0,0.08,0.44,0.18,0.3,0.140445
0.0,0.42,0.14,0.14,0.3,0.173388
0.0,0.06,0.5,0.14,0.3,0.155914
0.0,0.06,0.52,0.12,0.3,0.169136
0.0,0.26,0.32,0.12,0.3,0.136993
0.0,0.24,0.36,0.1,0.3,0.118736
0.0,0.52,0.08,0.1,0.3,0.194456
0.0,0.06,0.56,0.08,0.3,0.144534
0.0,0.04,0.58,0.08,0.3,0.173155
0.0,0.02,0.64,0.04,0.3,0.218721
0.0,0.04,0.62,0.04,0.3,0.207589
0.0,0.24,0.42,0.04,0.3,0.20188
0.0,0.64,0.02,0.04,0.3,0.224212
0.0,0.24,0.42,0.04,0.3,0.197317
0.0,0.66,0.02,0.02,0.3,0.291704
0.0,0.58,0.1,0.02,0.3,0.288599
0.0,0.52,0.16,0.02,0.3,0.270106
0.0,0.08,0.04,0.56,0.32,0.367664
0.0,0.02,0.1,0.56,0.32,0.333122
0.0,0.02,0.14,0.52,0.32,0.328285
0.0,0.14,0.04,0.5,0.32,0.371382
0.0,0.1,0.08,0.5,0.32,0.376159
0.0,0.08,0.12,0.48,0.32,0.283385
0.0,0.22,0.04,0.42,0.32,0.380613
0.0,0.08,0.2,0.4,0.32,0.239251
0.0,0.1,0.24,0.34,0.32,0.201684
0.0,0.16,0.2,0.32,0.32,0.292393
0.0,0.02,0.34,0.32,0.32,0.230981
0.0,0.38,0.02,0.28,0.32,0.402686
0.0,0.42,0.02,0.24,0.32,0.355407
0.0,0.18,0.26,0.24,0.32,0.233925
0.0,0.3,0.18,0.2,0.32,0.270224
0.0,0.34,0.16,0.18,0.32,0.268684
0.0,0.42,0.08,0.18,0.32,0.315999
0.0,0.4,0.12,0.16,0.32,0.284307
0.0,0.16,0.36,0.16,0.32,0.104144
0.0,0.02,0.52,0.14,0.32,0.19927
0.0,0.54,0.02,0.12,0.32,0.138938
0.0,0.54,0.02,0.12,0.32,0.155733
0.0,0.22,0.34,0.12,0.32,0.146595
0.0,0.26,0.3,0.12,0.32,0.143928
0.0,0.08,0.5,0.1,0.32,0.153738
0.0,0.4,0.2,0.08,0.32,0.194211
0.0,0.22,0.38,0.08,0.32,0.150249
0.0,0.34,0.26,0.08,0.32,0.175115
0.0,0.2,0.44,0.04,0.32,0.185538
0.0,0.04,0.1,0.52,0.34,0.348632
0.0,0.06,0.14,0.46,0.34,0.354959
0.0,0.14,0.16,0.36,0.34,0.323511
0.0,0.12,0.18,0.36,0.34,0.296263
0.0,0.24,0.06,0.36,0.34,0.380802
0.0,0.28,0.04,0.34,0.34,0.345359
0.0,0.22,0.18,0.26,0.34,0.271451
0.0,0.24,0.26,0.16,0.34,0.110473
0.0,0.44,0.12,0.1,0.34,0.163018
0.0,0.48,0.1,0.08,0.34,0.187791
0.0,0.02,0.56,0.08,0.34,0.13964
0.0,0.16,0.46,0.04,0.34,0.165235
0.0,0.3,0.32,0.04,0.34,0.18738
0.0,0.36,0.26,0.04,0.34,0.191724
0.0,0.34,0.3,0.02,0.34,0.201284
0.0,0.46,0.18,0.02,0.34,0.23547
0.0,0.04,0.6,0.02,0.34,0.188696
0.0,0.04,0.16,0.44,0.36,0.270859
0.0,0.16,0.08,0.4,0.36,0.303101
0.0,0.08,0.16,0.4,0.36,0.309236
0.0,0.18,0.08,0.38,0.36,0.294276
0.0,0.02,0.28,0.34,0.36,0.256454
0.0,0.32,0.02,0.3,0.36,0.351708
0.0,0.12,0.22,0.3,0.36,0.272981
0.0,0.08,0.28,0.28,0.36,0.168295
0.0,0.18,0.24,0.22,0.36,0.240839
0.0,0.36,0.08,0.2,0.36,0.28796
0.0,0.18,0.28,0.18,0.36,0.153866
0.0,0.26,0.22,0.16,0.36,0.168517
0.0,0.48,0.04,0.12,0.36,0.256087
0.0,0.3,0.26,0.08,0.36,0.164234
0.0,0.36,0.2,0.08,0.36,0.169438
0.0,0.22,0.34,0.08,0.36,0.137034
0.0,0.26,0.32,0.06,0.36,0.160864
0.0,0.56,0.04,0.04,0.36,0.241821
0.0,0.1,0.5,0.04,0.36,0.169679
0.0,0.54,0.08,0.02,0.36,0.242332
0.0,0.02,0.06,0.54,0.38,0.3697
0.0,0.22,0.02,0.38,0.38,0.395328
0.0,0.08,0.24,0.3,0.38,0.28282
0.0,0.28,0.1,0.24,0.38,0.28254
0.0,0.1,0.36,0.16,0.38,0.105476
0.0,0.02,0.44,0.16,0.38,0.107787
0.0,0.44,0.04,0.14,0.38,0.154895
0.0,0.38,0.1,0.14,0.38,0.267918
0.0,0.48,0.04,0.1,0.38,0.17311
0.0,0.3,0.22,0.1,0.38,0.150418
0.0,0.2,0.32,0.1,0.38,0.123005
0.0,0.08,0.46,0.08,0.38,0.125143
0.0,0.28,0.26,0.08,0.38,0.149298
0.0,0.02,0.54,0.06,0.38,0.143565
0.0,0.32,0.24,0.06,0.38,0.187574
0.0,0.28,0.3,0.04,0.38,0.188225
0.0,0.5,0.1,0.02,0.38,0.221229
0.0,0.12,0.48,0.02,0.38,0.180213
0.0,0.02,0.1,0.48,0.4,0.372487
0.0,0.14,0.08,0.38,0.4,0.408448
0.0,0.18,0.1,0.32,0.4,0.309641
0.0,0.08,0.26,0.26,0.4,0.200447
0.0,0.36,0.04,0.2,0.4,0.339178
0.0,0.1,0.3,0.2,0.4,0.188369
0.0,0.26,0.18,0.16,0.4,0.121885
0.0,0.1,0.36,0.14,0.4,0.100137
0.0,0.22,0.24,0.14,0.4,0.130888
0.0,0.42,0.08,0.1,0.4,0.166492
0.0,0.02,0.48,0.1,0.4,0.122046
0.0,0.38,0.12,0.1,0.4,0.165298
0.0,0.44,0.06,0.1,0.4,0.194757
0.0,0.2,0.3,0.1,0.4,0.146187
0.0,0.38,0.14,0.08,0.4,0.18845
0.0,0.5,0.04,0.06,0.4,0.225161
0.0,0.46,0.08,0.06,0.4,0.222957
0.0,0.34,0.2,0.06,0.4,0.186674
0.0,0.42,0.14,0.04,0.4,0.147469
0.0,0.28,0.28,0.04,0.4,0.159029
0.0,0.12,0.46,0.02,0.4,0.172207
0.0,0.06,0.06,0.46,0.42,0.436676
0.0,0.1,0.04,0.44,0.42,0.425202
0.0,0.14,0.08,0.36,0.42,0.455166
0.0,0.16,0.06,0.36,0.42,0.401286
0.0,0.22,0.02,0.34,0.42,0.448193
0.0,0.18,0.06,0.34,0.42,0.384892
0.0,0.06,0.2,0.32,0.42,0.333879
0.0,0.16,0.12,0.3,0.42,0.336297
0.0,0.16,0.12,0.3,0.42,0.398433
0.0,0.04,0.28,0.26,0.42,0.234442
0.0,0.04,0.28,0.26,0.42,0.169078
0.0,0.26,0.08,0.24,0.42,0.353676
0.0,0.12,0.26,0.2,0.42,0.100122
0.0,0.16,0.22,0.2,0.42,0.113076
0.0,0.32,0.08,0.18,0.42,0.165872
0.0,0.14,0.28,0.16,0.42,0.11918
0.0,0.28,0.14,0.16,0.42,0.152985
0.0,0.16,0.26,0.16,0.42,0.118533
0.0,0.04,0.4,0.14,0.42,0.10603
0.0,0.28,0.16,0.14,0.42,0.138271
0.0,0.38,0.08,0.12,0.42,0.160129
0.0,0.22,0.26,0.1,0.42,0.13178
0.0,0.26,0.22,0.1,0.42,0.137461
0.0,0.14,0.36,0.08,0.42,0.135108
0.0,0.36,0.14,0.08,0.42,0.117259
0.0,0.26,0.24,0.08,0.42,0.131619
0.0,0.02,0.48,0.08,0.42,0.114406
0.0,0.42,0.1,0.06,0.42,0.168166
0.0,0.06,0.48,0.04,0.42,0.133436
0.0,0.32,0.24,0.02,0.42,0.17962
0.0,0.12,0.02,0.42,0.44,0.471855
0.0,0.16,0.04,0.36,0.44,0.431861
0.0,0.02,0.18,0.36,0.44,0.398529
0.0,0.24,0.02,0.3,0.44,0.449163
0.0,0.08,0.2,0.28,0.44,0.238659
0.0,0.26,0.02,0.28,0.44,0.437004
0.0,0.22,0.1,0.24,0.44,0.268816
0.0,0.16,0.16,0.24,0.44,0.296686
0.0,0.24,0.1,0.22,0.44,0.127637
0.0,0.04,0.3,0.22,0.44,0.159058
0.0,0.18,0.18,0.2,0.44,0.109357
0.0,0.04,0.38,0.14,0.44,0.095933
0.0,0.34,0.08,0.14,0.44,0.148525
0.0,0.28,0.2,0.08,0.44,0.136256
0.0,0.12,0.4,0.04,0.44,0.153517
0.0,0.52,0.02,0.02,0.44,0.225661
0.0,0.4,0.14,0.02,0.44,0.194798
0.0,0.46,0.08,0.02,0.44,0.232767
0.0,0.16,0.38,0.02,0.44,0.180522
0.0,0.04,0.06,0.44,0.46,0.465679
0.0,0.08,0.06,0.4,0.46,0.490057
0.0,0.12,0.04,0.38,0.46,0.477483
0.0,0.12,0.06,0.36,0.46,0.469487
0.0,0.08,0.12,0.34,0.46,0.389846
0.0,0.04,0.18,0.32,0.46,0.345825
0.0,0.16,0.2,0.18,0.46,0.122323
0.0,0.2,0.2,0.14,0.46,0.128234
0.0,0.06,0.34,0.14,0.46,0.091427
0.0,0.26,0.14,0.14,0.46,0.137597
0.0,0.02,0.4,0.12,0.46,0.101571
0.0,0.38,0.04,0.12,0.46,0.164407
0.0,0.1,0.34,0.1,0.46,0.131095
0.0,0.2,0.24,0.1,0.46,0.133151
0.0,0.44,0.02,0.08,0.46,0.185738
0.0,0.32,0.16,0.06,0.46,0.18813
0.0,0.08,0.42,0.04,0.46,0.148172
0.0,0.08,0.14,0.3,0.48,0.362241
0.0,0.22,0.04,0.26,0.48,0.459997
0.0,0.1,0.16,0.26,0.48,0.336567
0.0,0.2,0.08,0.24,0.48,0.34797
0.0,0.26,0.06,0.2,0.48,0.189048
0.0,0.16,0.16,0.2,0.48,0.129886
0.0,0.04,0.36,0.12,0.48,0.099703
0.0,0.22,0.2,0.1,0.48,0.144552
0.0,0.16,0.28,0.08,0.48,0.144159
0.0,0.18,0.28,0.06,0.48,0.165115
0.0,0.12,0.38,0.02,0.48,0.178255
0.0,0.32,0.18,0.02,0.48,0.209443
0.0,0.18,0.32,0.02,0.48,0.178397
0.0,0.44,0.06,0.02,0.48,0.229956
0.0,0.04,0.16,0.3,0.5,0.353421
0.0,0.06,0.14,0.3,0.5,0.383273
0.0,0.08,0.14,0.28,0.5,0.303991
0.0,0.1,0.14,0.26,0.5,0.403958
0.0,0.18,0.08,0.24,0.5,0.157684
0.0,0.02,0.26,0.22,0.5,0.087614
0.0,0.14,0.16,0.2,0.5,0.124062
0.0,0.18,0.16,0.16,0.5,0.14378
0.0,0.1,0.28,0.12,0.5,0.115482
0.0,0.32,0.08,0.1,0.5,0.166942
0.0,0.14,0.26,0.1,0.5,0.124911
0.0,0.02,0.42,0.06,0.5,0.125968
0.0,0.14,0.32,0.04,0.5,0.16083
0.0,0.4,0.06,0.04,0.5,0.179163
0.0,0.06,0.4,0.04,0.5,0.126088
0.0,0.08,0.38,0.04,0.5,0.144739
0.0,0.24,0.24,0.02,0.5,0.196171
0.0,0.02,0.02,0.44,0.52,0.511951
0.0,0.04,0.08,0.36,0.52,0.483717
0.0,0.16,0.02,0.3,0.52,0.524422
0.0,0.16,0.02,0.3,0.52,0.54212
0.0,0.14,0.2,0.14,0.52,0.129039
0.0,0.06,0.3,0.12,0.52,0.116262
0.0,0.1,0.28,0.1,0.52,0.12344
0.0,0.38,0.02,0.08,0.52,0.19177
0.0,0.06,0.38,0.04,0.52,0.134272
0.0,0.18,0.28,0.02,0.52,0.181906
0.0,0.16,0.3,0.02,0.52,0.18803
0.0,0.04,0.02,0.4,0.54,0.545072
0.0,0.2,0.02,0.24,0.54,0.249329
0.0,0.22,0.08,0.16,0.54,0.147708
0.0,0.14,0.18,0.14,0.54,0.12939
0.0,0.06,0.26,0.14,0.54,0.102542
0.0,0.3,0.06,0.1,0.54,0.168628
0.0,0.26,0.16,0.04,0.54,0.180112
0.0,0.1,0.34,0.02,0.54,0.154176
0.0,0.06,0.02,0.36,0.56,0.548189
0.0,0.04,0.08,0.32,0.56,0.519242
0.0,0.06,0.1,0.28,0.56,0.431995
0.0,0.02,0.18,0.24,0.56,0.085983
0.0,0.14,0.1,0.2,0.56,0.132423
0.0,0.18,0.06,0.2,0.56,0.131767
0.0,0.18,0.08,0.18,0.56,0.128992
0.0,0.14,0.12,0.18,0.56,0.118551
0.0,0.08,0.2,0.16,0.56,0.107838
0.0,0.06,0.24,0.14,0.56,0.094799
0.0,0.3,0.06,0.08,0.56,0.143157
0.0,0.06,0.34,0.04,0.56,0.137182
0.0,0.38,0.02,0.04,0.56,0.200502
0.0,0.18,0.04,0.2,0.58,0.120177
0.0,0.16,0.1,0.16,0.58,0.07894
0.0,0.22,0.08,0.12,0.58,0.087047
0.0,0.06,0.24,0.12,0.58,0.070871
0.0,0.2,0.1,0.12,0.58,0.084271
0.0,0.3,0.02,0.1,0.58,0.098292
0.0,0.04,0.12,0.24,0.6,0.073097
0.0,0.02,0.2,0.18,0.6,0.054676
0.0,0.18,0.04,0.18,0.6,0.088382
0.0,0.08,0.16,0.16,0.6,0.07368
0.0,0.02,0.14,0.22,0.62,0.070464
0.0,0.08,0.08,0.22,0.62,0.083177
0.0,0.18,0.02,0.18,0.62,0.084078
0.0,0.18,0.04,0.16,0.62,0.079449
0.0,0.12,0.1,0.16,0.62,0.08007
0.0,0.16,0.06,0.16,0.62,0.088952
0.0,0.12,0.16,0.1,0.62,0.076722
0.0,0.14,0.14,0.1,0.62,0.087539
0.0,0.14,0.2,0.04,0.62,0.099397
0.0,0.16,0.04,0.16,0.64,0.088238
0.0,0.06,0.2,0.1,0.64,0.071253
0.0,0.02,0.26,0.08,0.64,0.073492
0.0,0.06,0.24,0.06,0.64,0.079507
0.0,0.02,0.16,0.16,0.66,0.059622
0.0,0.08,0.14,0.12,0.66,0.072359
0.0,0.22,0.04,0.08,0.66,0.106193
0.0,0.24,0.08,0.02,0.66,0.123654
0.0,0.06,0.1,0.16,0.68,0.063898
0.0,0.16,0.02,0.14,0.68,0.085699
0.0,0.06,0.14,0.12,0.68,0.067595
0.0,0.18,0.04,0.1,0.68,0.072075
0.0,0.14,0.14,0.04,0.68,0.103769
0.0,0.04,0.06,0.2,0.7,0.071659
0.0,0.14,0.02,0.14,0.7,0.077062
0.0,0.1,0.14,0.06,0.7,0.086268
0.0,0.1,0.16,0.04,0.7,0.093482
0.0,0.1,0.1,0.08,0.72,0.081668
0.0,0.1,0.14,0.04,0.72,0.097228
0.0,0.2,0.04,0.04,0.72,0.105292
0.0,0.08,0.18,0.02,0.72,0.102625
0.0,0.12,0.02,0.12,0.74,0.074123
0.0,0.14,0.02,0.1,0.74,0.083885
0.0,0.14,0.06,0.06,0.74,0.081155
0.0,0.02,0.02,0.2,0.76,0.064495
0.0,0.1,0.1,0.04,0.76,0.082112
0.0,0.08,0.12,0.04,0.76,0.074651
0.0,0.02,0.1,0.06,0.82,0.070064
0.0,0.06,0.04,0.06,0.84,0.067159
0.0,0.02,0.08,0.06,0.84,0.064171
